ID;Age;Income;Personal Loan
1;25;49;0
2;45;34;0
3;39;11;0
4;35;100;0
5;35;45;0
6;37;29;0
7;53;72;0
8;50;22;0
9;35;81;0
10;34;180;1
11;65;105;0
12;29;45;0
13;48;114;0
14;59;40;0
15;67;112;0
16;60;22;0
17;38;130;1
18;42;81;0
19;46;193;1
20;55;21;0
21;56;25;0
22;57;63;0
23;29;62;0
24;44;43;0
25;36;152;0
26;43;29;0
27;40;83;0
28;46;158;0
29;56;48;0
30;38;119;1
31;59;35;0
32;40;29;0
33;53;41;0
34;30;18;0
35;31;50;0
36;48;81;0
37;59;121;0
38;51;71;0
39;42;141;1
40;38;80;0
41;57;84;0
42;34;60;0
43;32;132;1
44;39;45;0
45;46;104;0
46;57;52;0
47;39;43;0
48;37;194;1
49;56;81;0
50;40;49;0
51;32;8;0
52;61;131;0
53;30;72;0
54;50;190;1
55;29;44;0
56;41;139;0
57;55;29;0
58;56;131;1
59;28;93;0
60;31;188;0
61;49;39;0
62;47;125;0
63;42;22;0
64;42;32;0
65;47;105;0
66;59;131;0
67;62;105;0
68;53;45;0
69;47;60;0
70;53;20;0
71;42;115;0
72;53;69;0
73;44;130;0
74;41;85;0
75;28;135;0
76;31;135;1
77;58;12;0
78;46;29;0
79;54;133;1
80;50;19;0
81;60;41;0
82;47;40;0
83;41;82;0
84;33;50;0
85;46;18;0
86;27;109;0
87;40;42;0
88;48;78;0
89;65;51;0
90;25;113;0
91;55;118;1
92;35;29;0
93;43;34;0
94;60;64;0
95;65;121;0
96;38;48;0
97;41;80;0
98;54;161;0
99;49;94;0
100;66;15;0
101;48;74;0
102;61;30;0
103;53;44;0
104;43;22;0
105;56;38;0
106;24;35;0
107;43;69;0
108;42;43;0
109;33;32;0
110;43;49;0
111;41;9;0
112;62;45;0
113;40;82;0
114;58;92;0
115;39;39;0
116;65;81;0
117;54;35;0
118;58;61;0
119;41;73;0
120;32;112;0
121;54;12;0
122;52;38;0
123;58;73;0
124;37;84;0
125;39;78;0
126;60;80;0
127;31;115;0
128;34;82;0
129;38;74;0
130;41;70;0
131;28;81;0
132;58;149;1
133;31;51;0
134;30;39;0
135;53;98;0
136;58;45;0
137;59;49;0
138;49;128;0
139;59;42;0
140;59;18;0
141;51;31;0
142;35;58;0
143;33;48;0
144;25;54;0
145;49;70;0
146;59;124;0
147;46;84;0
148;50;83;0
149;52;163;0
150;48;42;0
151;46;118;0
152;26;132;1
153;57;24;0
154;60;22;0
155;54;58;0
156;24;60;0
157;26;15;0
158;41;83;0
159;32;79;0
160;61;41;0
161;29;134;1
162;61;80;0
163;38;52;0
164;28;70;0
165;53;92;0
166;27;43;0
167;25;21;0
168;33;23;0
169;50;13;0
170;27;112;0
171;27;138;0
172;52;11;0
173;38;171;0
174;58;42;0
175;42;168;1
176;45;85;0
177;52;44;0
178;29;65;0
179;53;24;0
180;62;11;0
181;51;38;0
182;36;10;0
183;24;135;0
184;29;148;1
185;52;63;0
186;39;115;0
187;48;45;0
188;46;159;1
189;64;169;0
190;55;112;0
191;60;93;0
192;51;29;0
193;50;85;0
194;48;21;0
195;53;144;0
196;34;13;0
197;48;165;0
198;55;9;0
199;27;59;0
200;36;158;1
201;32;29;0
202;35;20;0
203;30;68;0
204;58;65;0
205;56;61;0
206;38;91;0
207;49;31;0
208;34;71;0
209;40;73;0
210;64;172;1
211;51;20;0
212;44;55;0
213;46;69;0
214;57;155;0
215;54;94;0
216;38;92;0
217;27;125;0
218;39;74;0
219;44;72;0
220;56;61;0
221;32;25;0
222;45;83;0
223;26;104;0
224;55;41;0
225;52;58;0
226;39;93;0
227;24;39;0
228;47;148;0
229;47;53;0
230;48;71;0
231;47;92;0
232;35;61;0
233;46;38;0
234;62;58;0
235;26;80;0
236;38;71;0
237;43;89;0
238;62;83;0
239;57;28;0
240;28;52;0
241;51;70;0
242;48;71;0
243;41;75;0
244;65;170;1
245;41;78;0
246;35;25;0
247;38;60;0
248;53;120;1
249;55;99;0
250;26;55;0
251;30;29;0
252;54;170;1
253;65;53;0
254;47;138;0
255;65;134;1
256;66;42;0
257;26;99;0
258;66;18;0
259;35;24;0
260;56;55;0
261;51;58;0
262;42;111;1
263;49;33;0
264;27;74;0
265;45;38;0
266;49;23;0
267;63;61;0
268;47;81;0
269;64;129;0
270;43;33;0
271;60;63;0
272;40;70;0
273;29;45;0
274;41;65;0
275;30;74;0
276;49;50;0
277;30;22;0
278;29;30;0
279;50;21;0
280;39;155;0
281;33;64;0
282;57;65;0
283;34;71;0
284;61;40;0
285;44;69;0
286;40;69;0
287;51;45;0
288;37;62;0
289;44;172;1
290;42;24;0
291;51;80;0
292;43;8;0
293;30;38;0
294;45;93;0
295;35;55;0
296;60;64;0
297;34;122;0
298;55;70;0
299;43;81;0
300;41;159;1
301;34;70;0
302;65;150;0
303;45;152;0
304;49;195;1
305;48;22;0
306;60;22;0
307;55;79;0
308;42;33;0
309;32;128;0
310;62;91;0
311;57;39;0
312;52;121;0
313;36;21;0
314;34;41;0
315;63;45;0
316;24;51;0
317;57;165;1
318;40;119;1
319;27;110;0
320;65;20;0
321;60;64;0
322;44;101;1
323;63;101;1
324;59;99;1
325;56;158;1
326;54;89;0
327;52;80;0
328;58;114;0
329;60;49;0
330;28;191;0
331;54;78;0
332;32;28;0
333;59;42;0
334;63;140;0
335;48;45;0
336;56;122;0
337;36;65;0
338;57;68;0
339;29;153;0
340;39;89;0
341;59;91;0
342;31;55;0
343;43;118;0
344;35;22;0
345;54;63;0
346;51;12;0
347;44;50;0
348;25;43;0
349;40;173;1
350;26;60;1
351;39;113;0
352;28;155;1
353;52;91;0
354;53;55;0
355;44;173;0
356;43;71;0
357;56;24;0
358;38;42;0
359;30;141;0
360;32;32;0
361;35;55;0
362;43;153;0
363;58;113;0
364;25;30;0
365;54;29;0
366;57;174;1
367;50;35;0
368;32;98;0
369;63;30;0
370;31;58;0
371;36;25;0
372;58;19;0
373;56;44;0
374;49;20;0
375;30;98;0
376;33;90;0
377;45;61;0
378;30;40;0
379;47;38;0
380;25;28;0
381;63;34;0
382;55;73;0
383;65;133;1
384;44;53;0
385;51;21;0
386;35;40;0
387;30;41;0
388;31;82;0
389;54;100;1
390;45;155;0
391;45;45;0
392;58;9;0
393;54;48;0
394;53;18;0
395;33;80;0
396;60;64;0
397;50;29;0
398;26;48;0
399;54;23;0
400;28;84;0
401;36;179;1
402;29;30;0
403;54;93;0
404;55;39;0
405;61;60;0
406;36;133;0
407;45;125;0
408;64;58;0
409;60;89;0
410;49;82;0
411;47;110;0
412;60;54;0
413;45;89;0
414;32;42;0
415;52;41;0
416;35;38;0
417;40;85;0
418;53;83;0
419;27;33;0
420;58;50;0
421;47;58;0
422;28;115;1
423;46;145;0
424;43;161;0
425;56;38;0
426;28;28;0
427;42;75;0
428;32;35;0
429;62;24;0
430;37;78;0
431;51;113;0
432;39;75;0
433;43;91;0
434;52;31;0
435;30;45;0
436;52;80;0
437;61;50;0
438;36;31;0
439;58;113;1
440;47;29;0
441;64;59;0
442;52;43;0
443;58;122;1
444;48;29;0
445;64;91;0
446;58;65;0
447;47;22;0
448;49;71;0
449;31;60;0
450;61;60;0
451;51;69;0
452;28;48;0
453;39;21;0
454;54;53;0
455;50;29;0
456;30;60;0
457;64;42;0
458;29;69;0
459;48;20;0
460;35;200;0
461;60;141;0
462;55;81;0
463;29;183;1
464;48;149;1
465;43;83;1
466;66;35;0
467;25;13;0
468;45;39;0
469;34;21;0
470;48;10;0
471;32;84;0
472;50;30;0
473;43;31;0
474;64;182;1
475;60;114;0
476;43;152;1
477;60;53;0
478;64;24;0
479;44;150;0
480;60;132;0
481;54;68;0
482;33;53;0
483;56;173;1
484;29;30;0
485;25;113;0
486;60;15;0
487;55;84;0
488;39;88;0
489;37;43;0
490;53;43;0
491;34;90;0
492;42;34;0
493;60;38;0
494;50;173;0
495;41;160;0
496;25;44;0
497;50;83;0
498;48;94;0
499;32;43;0
500;50;42;0
501;59;34;0
502;50;39;0
503;44;70;0
504;31;39;0
505;40;44;0
506;36;69;1
507;51;44;0
508;64;32;0
509;47;15;0
510;52;118;0
511;51;62;0
512;31;82;0
513;39;54;0
514;30;48;0
515;27;74;0
516;41;113;0
517;53;81;0
518;54;43;0
519;28;34;0
520;34;48;0
521;61;54;0
522;48;75;0
523;36;72;0
524;56;39;0
525;24;75;0
526;64;79;0
527;26;205;0
528;33;65;0
529;64;122;1
530;39;82;0
531;54;21;0
532;32;50;0
533;62;39;0
534;27;101;0
535;53;41;0
536;51;132;0
537;25;43;0
538;44;131;1
539;31;11;0
540;57;21;0
541;25;109;0
542;30;141;0
543;40;81;0
544;63;54;0
545;35;164;0
546;43;28;0
547;27;68;0
548;44;44;0
549;49;61;0
550;61;35;0
551;60;54;0
552;59;14;0
553;28;52;0
554;52;101;0
555;28;149;0
556;34;35;0
557;60;21;0
558;39;118;0
559;30;38;0
560;49;24;0
561;43;59;0
562;63;41;0
563;28;85;0
564;51;12;0
565;33;32;0
566;55;79;0
567;53;175;1
568;34;28;0
569;34;41;0
570;40;70;0
571;49;161;1
572;35;53;0
573;39;128;0
574;55;50;0
575;29;80;0
576;54;93;0
577;25;48;0
578;52;149;0
579;46;49;0
580;57;88;0
581;52;22;0
582;28;55;0
583;44;72;0
584;24;38;0
585;40;114;0
586;34;83;0
587;39;101;0
588;50;94;0
589;41;40;0
590;31;128;0
591;29;39;0
592;30;51;0
593;44;79;0
594;33;48;0
595;50;85;0
596;42;41;0
597;48;152;1
598;24;125;0
599;56;11;0
600;28;103;0
601;56;141;0
602;58;38;0
603;29;135;0
604;63;28;0
605;28;70;0
606;57;41;0
607;34;81;0
608;28;170;1
609;27;55;0
610;37;24;0
611;52;81;0
612;49;32;0
613;65;129;0
614;60;108;0
615;37;180;0
616;63;139;0
617;40;33;0
618;46;74;0
619;63;42;0
620;57;73;0
621;33;115;1
622;41;114;0
623;41;92;0
624;44;34;0
625;33;54;0
626;52;64;0
627;30;42;0
628;45;70;0
629;49;51;0
630;45;71;0
631;32;35;0
632;45;40;0
633;57;165;1
634;61;18;0
635;57;32;0
636;60;35;0
637;40;120;0
638;53;31;0
639;42;35;0
640;62;32;0
641;43;85;0
642;35;139;0
643;50;103;0
644;45;152;0
645;52;33;0
646;35;84;0
647;58;61;0
648;62;64;0
649;50;34;0
650;25;82;0
651;47;122;1
652;28;58;0
653;34;92;0
654;49;78;0
655;54;129;1
656;50;13;0
657;37;81;0
658;38;23;0
659;52;35;0
660;63;79;0
661;39;165;0
662;63;52;0
663;65;185;1
664;46;49;0
665;54;64;0
666;54;61;0
667;52;112;0
668;63;72;0
669;66;18;0
670;56;41;0
671;23;61;0
672;65;105;1
673;51;23;0
674;34;22;0
675;49;59;0
676;29;33;0
677;47;11;0
678;46;204;0
679;52;61;0
680;55;103;0
681;61;51;0
682;34;164;1
683;58;12;0
684;40;82;0
685;43;164;0
686;35;48;0
687;24;38;0
688;48;65;0
689;44;71;0
690;54;18;0
691;59;52;0
692;45;48;0
693;26;30;0
694;40;40;0
695;32;112;0
696;29;115;0
697;51;63;0
698;42;85;0
699;64;59;0
700;44;68;0
701;37;84;0
702;44;62;0
703;35;109;1
704;41;141;0
705;56;129;0
706;62;30;0
707;58;148;0
708;47;25;0
709;35;21;0
710;29;72;0
711;43;59;0
712;62;83;0
713;41;10;0
714;34;84;0
715;50;98;0
716;47;32;0
717;29;31;0
718;59;94;0
719;56;21;0
720;61;110;0
721;58;38;0
722;49;39;0
723;45;132;1
724;50;61;0
725;64;92;0
726;39;119;0
727;58;53;0
728;62;18;0
729;45;114;1
730;58;90;0
731;43;140;0
732;28;90;0
733;26;85;0
734;49;80;0
735;66;53;0
736;33;49;0
737;61;152;1
738;64;138;1
739;36;80;0
740;49;82;0
741;52;195;0
742;61;22;0
743;32;81;0
744;61;40;0
745;45;154;0
746;30;49;0
747;62;85;0
748;57;21;0
749;41;14;0
750;58;60;0
751;29;138;0
752;53;98;0
753;64;22;0
754;49;49;0
755;38;102;0
756;56;45;0
757;56;82;0
758;52;81;0
759;64;35;0
760;53;59;0
761;29;52;0
762;48;84;0
763;32;85;0
764;54;65;0
765;37;89;0
766;47;109;1
767;37;81;0
768;64;38;0
769;43;72;0
770;33;78;0
771;26;172;1
772;42;71;0
773;54;165;1
774;41;120;0
775;55;39;0
776;65;23;0
777;50;135;1
778;55;12;0
779;62;92;0
780;53;192;1
781;32;42;0
782;56;158;1
783;54;194;1
784;44;160;0
785;48;98;0
786;46;164;0
787;45;42;0
788;45;202;1
789;58;10;0
790;29;31;0
791;55;58;0
792;55;65;0
793;41;98;0
794;24;150;0
795;54;44;0
796;57;15;0
797;30;82;0
798;42;61;0
799;29;38;0
800;29;39;0
801;31;173;0
802;47;8;0
803;36;51;0
804;52;62;0
805;54;34;0
806;55;132;1
807;53;44;0
808;52;162;0
809;64;64;0
810;54;111;0
811;32;41;0
812;63;52;0
813;36;65;0
814;50;130;1
815;33;45;0
816;62;35;0
817;49;65;0
818;41;38;0
819;51;42;0
820;56;45;0
821;51;145;0
822;39;33;0
823;61;60;0
824;35;45;0
825;39;72;0
826;37;34;0
827;48;23;0
828;63;45;0
829;35;28;0
830;55;81;0
831;29;72;0
832;61;49;0
833;36;31;0
834;61;63;0
835;36;150;1
836;58;142;0
837;42;74;0
838;30;24;0
839;45;29;0
840;39;79;0
841;27;94;0
842;57;121;0
843;34;54;0
844;64;73;0
845;47;71;0
846;44;29;0
847;51;93;0
848;40;73;0
849;57;19;0
850;33;58;0
851;46;39;0
852;41;23;0
853;33;29;0
854;27;155;0
855;52;90;0
856;59;113;0
857;62;42;0
858;49;30;0
859;45;19;0
860;63;124;1
861;57;30;0
862;60;28;0
863;50;15;0
864;54;70;0
865;28;10;0
866;60;22;0
867;44;70;0
868;61;61;0
869;40;161;0
870;54;29;0
871;43;35;0
872;54;48;0
873;32;44;0
874;24;88;0
875;30;40;0
876;61;21;0
877;40;58;0
878;35;59;0
879;33;74;0
880;63;84;0
881;57;58;0
882;44;154;0
883;51;185;0
884;51;78;0
885;38;55;0
886;31;30;0
887;54;74;0
888;41;118;0
889;57;182;1
890;24;82;0
891;55;29;0
892;32;120;1
893;38;53;0
894;58;43;0
895;29;59;0
896;43;84;0
897;50;161;1
898;62;21;0
899;57;63;0
900;30;172;1
901;30;51;0
902;57;24;0
903;57;95;0
904;43;59;0
905;28;51;0
906;46;28;0
907;29;154;0
908;64;15;0
909;66;55;0
910;23;149;0
911;60;79;0
912;47;68;0
913;35;78;0
914;57;34;0
915;65;195;1
916;53;184;0
917;44;85;0
918;45;200;0
919;41;64;0
920;51;88;0
921;27;42;0
922;31;91;0
923;32;38;0
924;55;28;0
925;55;32;0
926;42;31;0
927;33;22;0
928;65;95;1
929;35;74;0
930;55;22;0
931;28;43;0
932;27;43;0
933;51;112;0
934;50;9;0
935;58;81;0
936;46;131;0
937;62;19;0
938;38;62;0
939;62;19;0
940;56;8;0
941;61;193;1
942;38;129;1
943;55;30;0
944;30;80;0
945;41;22;0
946;57;33;0
947;36;64;0
948;55;60;0
949;30;81;0
950;40;45;0
951;32;112;0
952;59;83;1
953;44;180;0
954;51;28;0
955;37;169;1
956;59;14;0
957;37;43;0
958;56;88;0
959;55;78;0
960;49;68;0
961;46;144;0
962;35;30;0
963;47;120;0
964;39;24;0
965;27;78;0
966;62;135;1
967;57;44;0
968;55;73;0
969;55;90;0
970;41;58;0
971;57;75;0
972;43;174;1
973;40;50;0
974;43;85;0
975;63;54;0
976;63;83;1
977;54;24;0
978;54;45;0
979;52;68;0
980;50;48;0
981;38;114;0
982;36;142;1
983;58;52;0
984;46;142;0
985;50;15;0
986;46;118;0
987;53;101;0
988;62;84;0
989;63;32;0
990;42;64;0
991;34;81;0
992;40;28;0
993;34;93;0
994;41;185;1
995;32;42;0
996;28;45;0
997;33;49;0
998;46;69;0
999;52;94;0
1000;60;18;0
1001;59;8;0
1002;57;55;0
1003;46;85;0
1004;25;62;0
1005;53;65;0
1006;38;138;0
1007;63;103;0
1008;44;99;1
1009;50;152;0
1010;28;25;0
1011;27;98;0
1012;52;39;0
1013;50;40;0
1014;39;58;0
1015;50;192;1
1016;60;62;0
1017;30;69;0
1018;31;40;0
1019;39;61;0
1020;29;30;0
1021;54;29;0
1022;35;41;0
1023;27;118;1
1024;45;109;0
1025;58;122;1
1026;62;50;0
1027;28;43;0
1028;32;108;0
1029;29;110;1
1030;41;20;0
1031;61;112;0
1032;56;25;0
1033;37;42;0
1034;60;29;0
1035;49;84;0
1036;43;81;0
1037;53;55;0
1038;35;40;0
1039;56;145;1
1040;41;175;1
1041;36;78;0
1042;56;51;0
1043;64;50;0
1044;51;21;0
1045;49;79;0
1046;43;84;0
1047;51;34;0
1048;55;73;0
1049;62;90;0
1050;35;23;0
1051;53;145;1
1052;33;54;0
1053;43;49;0
1054;58;51;0
1055;63;8;0
1056;31;62;0
1057;36;25;0
1058;30;63;0
1059;59;24;0
1060;28;11;0
1061;59;23;0
1062;47;33;0
1063;47;83;1
1064;56;39;0
1065;41;138;1
1066;25;113;0
1067;30;125;1
1068;50;195;0
1069;34;105;0
1070;44;75;1
1071;36;40;0
1072;39;61;0
1073;54;75;0
1074;33;122;0
1075;39;75;0
1076;41;59;0
1077;40;24;0
1078;29;175;1
1079;51;39;0
1080;54;145;0
1081;47;24;0
1082;53;20;0
1083;30;85;0
1084;28;65;0
1085;60;191;1
1086;51;11;0
1087;63;40;0
1088;38;54;0
1089;59;95;0
1090;53;94;0
1091;31;79;0
1092;41;48;0
1093;25;70;0
1094;27;40;0
1095;50;44;0
1096;50;43;0
1097;43;29;0
1098;50;188;1
1099;46;114;0
1100;30;52;0
1101;42;13;0
1102;42;95;0
1103;29;84;0
1104;38;49;0
1105;51;181;0
1106;35;182;1
1107;37;70;0
1108;47;79;0
1109;55;61;0
1110;65;121;0
1111;58;34;0
1112;54;183;0
1113;52;51;0
1114;28;70;0
1115;32;39;0
1116;51;84;0
1117;43;122;0
1118;42;145;0
1119;42;98;0
1120;41;79;0
1121;34;38;0
1122;30;49;0
1123;32;38;0
1124;46;91;0
1125;38;29;0
1126;37;172;0
1127;32;104;1
1128;35;58;0
1129;30;171;1
1130;30;73;1
1131;58;191;0
1132;57;90;0
1133;34;55;0
1134;31;28;0
1135;39;42;0
1136;57;9;0
1137;47;65;0
1138;51;134;1
1139;30;83;0
1140;55;38;0
1141;32;13;0
1142;32;143;1
1143;44;75;0
1144;33;120;1
1145;49;91;0
1146;32;99;0
1147;31;71;0
1148;37;111;0
1149;41;108;0
1150;56;158;0
1151;55;81;0
1152;49;12;0
1153;63;21;0
1154;55;55;0
1155;59;42;0
1156;41;81;0
1157;49;13;0
1158;48;132;0
1159;41;99;0
1160;50;23;0
1161;28;40;0
1162;36;181;1
1163;38;112;0
1164;34;138;0
1165;41;94;1
1166;43;113;0
1167;30;112;1
1168;37;190;0
1169;62;38;0
1170;40;32;0
1171;35;104;0
1172;64;43;0
1173;49;45;0
1174;24;35;0
1175;36;42;0
1176;29;58;0
1177;29;103;1
1178;28;71;1
1179;33;14;0
1180;36;98;0
1181;42;90;0
1182;25;65;0
1183;28;19;0
1184;50;35;0
1185;34;71;0
1186;43;31;0
1187;62;43;0
1188;61;24;0
1189;45;58;0
1190;42;115;0
1191;39;168;0
1192;29;128;0
1193;45;138;0
1194;58;81;0
1195;29;41;0
1196;32;123;1
1197;37;71;0
1198;48;8;0
1199;40;42;0
1200;29;62;0
1201;36;22;0
1202;35;38;0
1203;35;24;0
1204;62;50;0
1205;26;190;1
1206;32;94;0
1207;63;165;1
1208;38;43;0
1209;50;48;0
1210;46;52;0
1211;50;84;0
1212;61;131;0
1213;34;44;0
1214;27;78;0
1215;61;15;0
1216;45;38;0
1217;50;84;0
1218;44;122;0
1219;62;98;0
1220;45;80;0
1221;41;165;0
1222;30;121;0
1223;61;20;0
1224;45;11;0
1225;59;45;0
1226;30;118;1
1227;60;14;0
1228;39;30;0
1229;56;45;0
1230;56;80;0
1231;27;25;0
1232;66;144;0
1233;43;84;0
1234;53;22;0
1235;44;33;0
1236;54;60;0
1237;31;81;0
1238;38;169;1
1239;28;63;0
1240;51;12;0
1241;52;15;0
1242;64;39;0
1243;29;44;0
1244;34;110;0
1245;33;130;1
1246;46;41;0
1247;48;59;0
1248;52;39;0
1249;44;35;0
1250;51;80;0
1251;47;81;0
1252;39;31;0
1253;42;93;0
1254;57;45;0
1255;36;40;0
1256;27;80;0
1257;31;20;0
1258;63;41;0
1259;34;31;0
1260;52;35;0
1261;57;40;0
1262;63;84;0
1263;26;53;0
1264;35;85;0
1265;58;138;0
1266;32;71;0
1267;64;113;0
1268;50;23;0
1269;34;62;0
1270;36;14;0
1271;43;60;0
1272;28;94;0
1273;64;83;0
1274;60;130;1
1275;62;61;0
1276;27;92;0
1277;42;20;0
1278;45;194;0
1279;36;74;0
1280;48;84;0
1281;65;98;0
1282;39;52;0
1283;51;55;0
1284;30;64;0
1285;65;128;0
1286;38;113;1
1287;29;50;0
1288;42;54;0
1289;63;129;0
1290;46;82;0
1291;62;100;0
1292;58;44;0
1293;56;164;1
1294;56;81;0
1295;34;71;0
1296;42;28;0
1297;30;80;0
1298;61;90;0
1299;38;74;0
1300;50;14;0
1301;61;23;0
1302;41;153;0
1303;42;38;0
1304;29;112;0
1305;51;145;0
1306;32;28;0
1307;34;31;0
1308;26;195;0
1309;54;50;0
1310;38;71;0
1311;62;21;0
1312;37;35;0
1313;46;42;0
1314;52;78;0
1315;32;73;0
1316;49;53;0
1317;28;51;0
1318;55;40;0
1319;52;178;0
1320;32;35;0
1321;31;192;1
1322;27;123;0
1323;32;48;0
1324;52;45;0
1325;52;15;0
1326;50;79;0
1327;32;63;0
1328;61;30;0
1329;60;145;1
1330;28;32;0
1331;34;64;0
1332;31;84;0
1333;31;21;0
1334;62;99;0
1335;47;35;0
1336;50;180;0
1337;36;42;0
1338;26;179;1
1339;51;42;0
1340;52;180;1
1341;35;82;0
1342;42;55;0
1343;36;79;0
1344;41;48;0
1345;49;93;0
1346;57;23;0
1347;44;50;0
1348;60;85;0
1349;38;35;0
1350;26;171;1
1351;29;29;0
1352;59;84;0
1353;51;20;0
1354;50;14;0
1355;35;179;0
1356;61;48;0
1357;42;74;0
1358;55;53;0
1359;50;83;0
1360;64;171;0
1361;54;85;0
1362;50;38;0
1363;31;85;0
1364;32;79;0
1365;44;69;0
1366;60;43;0
1367;60;33;0
1368;62;42;0
1369;46;40;0
1370;57;43;0
1371;30;20;0
1372;58;65;0
1373;39;139;1
1374;60;135;1
1375;59;84;0
1376;50;179;1
1377;63;45;0
1378;27;109;0
1379;54;34;0
1380;62;162;0
1381;60;105;0
1382;38;22;0
1383;34;82;0
1384;65;105;0
1385;55;62;0
1386;57;82;0
1387;27;72;0
1388;35;38;0
1389;52;25;0
1390;45;20;0
1391;29;80;0
1392;44;84;0
1393;47;33;0
1394;62;55;0
1395;52;33;0
1396;47;190;1
1397;42;43;0
1398;65;45;0
1399;42;141;0
1400;40;69;0
1401;32;78;0
1402;40;84;0
1403;55;172;1
1404;32;51;0
1405;58;75;0
1406;46;183;1
1407;53;20;0
1408;63;101;1
1409;40;129;1
1410;41;63;0
1411;60;44;0
1412;65;184;1
1413;59;100;0
1414;48;12;0
1415;59;68;0
1416;33;48;0
1417;40;82;0
1418;42;52;0
1419;65;154;1
1420;30;39;0
1421;30;40;0
1422;42;54;0
1423;32;32;0
1424;55;64;0
1425;29;92;0
1426;64;40;0
1427;37;60;0
1428;31;85;0
1429;25;21;0
1430;31;35;0
1431;32;52;0
1432;58;128;0
1433;26;195;0
1434;51;68;0
1435;65;55;0
1436;43;55;0
1437;46;80;0
1438;28;123;0
1439;63;90;0
1440;59;61;0
1441;42;41;0
1442;58;43;0
1443;39;71;0
1444;36;25;0
1445;60;154;1
1446;47;141;0
1447;29;22;0
1448;52;145;0
1449;41;49;0
1450;63;109;0
1451;59;80;0
1452;44;82;0
1453;54;52;0
1454;29;85;0
1455;51;148;0
1456;63;160;0
1457;36;39;0
1458;42;25;0
1459;51;33;0
1460;47;38;0
1461;40;85;0
1462;54;48;0
1463;47;15;0
1464;35;94;0
1465;28;120;0
1466;45;60;0
1467;33;145;0
1468;62;29;0
1469;45;78;0
1470;59;59;0
1471;58;80;0
1472;52;180;0
1473;34;8;0
1474;65;23;0
1475;48;79;0
1476;44;78;0
1477;61;64;0
1478;40;64;0
1479;65;160;1
1480;28;43;0
1481;67;32;0
1482;35;179;0
1483;60;8;0
1484;58;63;0
1485;55;40;0
1486;34;99;0
1487;35;141;1
1488;28;159;0
1489;38;39;0
1490;62;99;0
1491;30;18;0
1492;38;38;0
1493;33;133;0
1494;58;84;0
1495;59;60;0
1496;52;178;1
1497;36;18;0
1498;45;73;0
1499;49;125;0
1500;52;91;1
1501;54;74;0
1502;30;35;0
1503;65;113;0
1504;34;52;0
1505;30;191;1
1506;51;18;0
1507;52;25;0
1508;43;50;0
1509;35;75;0
1510;56;92;0
1511;57;33;0
1512;58;65;0
1513;53;44;0
1514;45;183;0
1515;44;175;0
1516;54;28;0
1517;41;49;0
1518;52;45;0
1519;43;64;1
1520;63;22;0
1521;54;120;0
1522;33;175;0
1523;25;101;0
1524;41;104;0
1525;40;155;1
1526;43;58;0
1527;36;80;0
1528;57;45;0
1529;34;134;0
1530;38;58;0
1531;47;20;0
1532;39;25;0
1533;45;55;0
1534;62;155;0
1535;59;30;0
1536;61;39;0
1537;36;73;0
1538;58;41;0
1539;55;34;0
1540;29;21;0
1541;34;11;0
1542;61;154;0
1543;50;19;0
1544;52;101;0
1545;39;24;0
1546;55;131;0
1547;33;105;0
1548;47;52;0
1549;57;21;0
1550;57;45;0
1551;40;39;0
1552;50;192;0
1553;29;195;0
1554;46;83;0
1555;42;34;0
1556;59;49;0
1557;31;60;0
1558;51;41;0
1559;35;72;0
1560;59;102;1
1561;35;31;0
1562;46;73;0
1563;34;89;0
1564;55;19;0
1565;64;63;0
1566;34;104;0
1567;61;40;0
1568;63;92;0
1569;59;72;0
1570;51;44;0
1571;41;114;1
1572;37;73;0
1573;64;63;0
1574;44;69;0
1575;62;42;0
1576;50;88;0
1577;43;98;0
1578;34;65;1
1579;38;12;0
1580;29;122;1
1581;39;12;0
1582;53;24;0
1583;43;170;1
1584;61;184;1
1585;46;25;0
1586;57;131;0
1587;59;50;0
1588;52;21;0
1589;29;55;0
1590;57;124;1
1591;49;58;0
1592;39;72;0
1593;56;192;1
1594;63;83;0
1595;37;93;0
1596;56;38;0
1597;45;55;0
1598;66;11;0
1599;40;85;0
1600;50;124;0
1601;60;129;0
1602;31;180;0
1603;40;74;0
1604;36;138;1
1605;55;111;1
1606;54;83;0
1607;35;33;0
1608;55;21;0
1609;36;35;0
1610;66;105;0
1611;38;103;0
1612;58;75;0
1613;41;33;0
1614;60;52;0
1615;47;89;0
1616;62;63;0
1617;48;84;1
1618;61;44;0
1619;29;29;0
1620;45;29;0
1621;39;22;0
1622;31;53;0
1623;39;24;0
1624;63;153;0
1625;28;31;0
1626;56;21;0
1627;31;180;0
1628;46;82;0
1629;42;90;0
1630;53;154;1
1631;41;99;0
1632;61;153;1
1633;31;93;1
1634;62;53;0
1635;59;18;0
1636;49;70;0
1637;65;100;0
1638;30;193;1
1639;32;125;0
1640;56;68;0
1641;36;55;0
1642;58;152;1
1643;27;84;0
1644;41;13;0
1645;59;33;0
1646;56;89;0
1647;52;93;0
1648;35;68;0
1649;47;85;0
1650;29;73;0
1651;31;83;0
1652;62;158;1
1653;48;182;1
1654;26;24;0
1655;60;102;0
1656;35;53;0
1657;40;175;0
1658;31;28;0
1659;50;14;0
1660;33;139;1
1661;37;34;0
1662;38;64;0
1663;63;84;0
1664;57;42;0
1665;61;63;0
1666;37;100;0
1667;51;190;1
1668;44;22;0
1669;63;20;0
1670;43;21;0
1671;38;25;0
1672;34;20;0
1673;48;173;1
1674;29;81;0
1675;37;139;1
1676;60;119;0
1677;46;74;0
1678;34;42;0
1679;56;73;0
1680;57;114;1
1681;62;44;0
1682;32;141;0
1683;51;14;0
1684;55;33;0
1685;60;83;0
1686;40;89;0
1687;62;39;0
1688;63;83;0
1689;60;108;0
1690;59;21;0
1691;26;102;0
1692;56;48;0
1693;58;32;0
1694;57;43;0
1695;48;35;0
1696;30;184;0
1697;45;140;0
1698;64;32;0
1699;44;149;0
1700;51;15;0
1701;43;71;0
1702;29;108;0
1703;56;122;0
1704;65;40;0
1705;46;198;0
1706;48;79;0
1707;56;84;0
1708;61;31;0
1709;46;12;0
1710;58;88;0
1711;31;29;0
1712;27;201;0
1713;44;20;0
1714;44;15;0
1715;51;155;0
1716;39;25;0
1717;32;200;0
1718;33;101;0
1719;40;19;0
1720;36;188;0
1721;52;8;0
1722;54;59;0
1723;26;72;0
1724;39;55;0
1725;46;24;0
1726;57;19;0
1727;59;71;0
1728;52;54;0
1729;52;28;0
1730;50;25;0
1731;41;51;0
1732;43;125;1
1733;25;88;0
1734;40;125;0
1735;35;79;0
1736;60;31;0
1737;57;131;0
1738;44;70;0
1739;61;38;0
1740;33;83;0
1741;45;59;0
1742;45;121;0
1743;64;42;0
1744;50;32;0
1745;28;29;0
1746;37;40;0
1747;62;25;0
1748;29;21;0
1749;49;79;0
1750;46;52;0
1751;60;61;0
1752;55;25;0
1753;33;155;1
1754;53;25;0
1755;50;80;0
1756;28;55;0
1757;42;23;0
1758;33;60;0
1759;40;54;0
1760;31;44;0
1761;41;33;0
1762;52;45;0
1763;65;55;0
1764;48;134;0
1765;45;44;0
1766;26;149;0
1767;64;22;0
1768;41;74;0
1769;43;128;1
1770;60;62;0
1771;62;9;0
1772;46;9;0
1773;36;15;0
1774;31;28;0
1775;43;83;0
1776;46;73;0
1777;50;42;0
1778;52;34;0
1779;27;32;0
1780;34;68;0
1781;49;82;0
1782;52;19;0
1783;37;60;0
1784;53;192;0
1785;54;119;1
1786;29;190;0
1787;35;34;0
1788;32;44;0
1789;38;23;0
1790;44;171;1
1791;44;43;0
1792;48;139;0
1793;46;118;0
1794;35;113;1
1795;56;98;1
1796;49;70;0
1797;57;42;0
1798;35;143;0
1799;44;185;1
1800;38;28;0
1801;57;45;0
1802;35;78;0
1803;29;121;0
1804;58;59;0
1805;40;64;0
1806;51;15;0
1807;61;10;0
1808;46;61;0
1809;55;50;0
1810;35;79;0
1811;60;35;0
1812;28;11;0
1813;43;128;0
1814;61;55;0
1815;48;79;0
1816;65;18;0
1817;45;91;0
1818;36;9;0
1819;45;62;0
1820;60;59;0
1821;47;25;0
1822;32;54;0
1823;48;112;1
1824;33;125;0
1825;49;194;1
1826;56;161;1
1827;59;35;0
1828;56;113;0
1829;30;25;0
1830;59;45;0
1831;38;119;0
1832;47;30;0
1833;54;79;0
1834;34;178;1
1835;41;23;0
1836;47;171;0
1837;44;74;0
1838;43;103;0
1839;31;99;0
1840;28;43;0
1841;55;23;0
1842;42;91;0
1843;53;93;0
1844;30;154;0
1845;65;21;0
1846;43;65;0
1847;56;15;0
1848;25;52;0
1849;35;30;0
1850;50;42;0
1851;36;20;0
1852;34;60;0
1853;32;54;0
1854;51;60;0
1855;52;41;0
1856;65;30;0
1857;51;21;0
1858;37;105;0
1859;35;65;0
1860;67;20;0
1861;30;179;1
1862;62;161;0
1863;42;82;0
1864;48;43;0
1865;61;61;0
1866;36;90;0
1867;48;90;0
1868;65;21;0
1869;25;118;0
1870;55;44;0
1871;63;110;1
1872;31;99;0
1873;43;98;0
1874;28;69;0
1875;37;82;0
1876;27;112;0
1877;62;123;0
1878;51;78;0
1879;56;59;0
1880;56;78;0
1881;44;49;0
1882;46;82;0
1883;56;125;1
1884;56;185;0
1885;57;163;0
1886;31;19;0
1887;65;115;0
1888;31;81;0
1889;36;93;0
1890;56;111;1
1891;52;184;0
1892;42;50;0
1893;55;55;0
1894;49;13;0
1895;51;29;0
1896;26;72;0
1897;32;83;0
1898;54;98;0
1899;50;43;0
1900;59;34;0
1901;61;10;0
1902;43;201;0
1903;39;85;0
1904;56;50;0
1905;38;91;0
1906;25;112;0
1907;42;98;0
1908;42;115;0
1909;50;22;0
1910;56;101;0
1911;43;83;0
1912;60;52;0
1913;42;191;1
1914;57;134;1
1915;48;54;0
1916;37;69;0
1917;57;64;0
1918;62;53;0
1919;39;118;1
1920;38;19;0
1921;54;31;0
1922;45;63;0
1923;39;25;0
1924;45;22;0
1925;62;78;0
1926;43;81;0
1927;30;41;0
1928;35;62;0
1929;58;35;0
1930;44;30;0
1931;56;51;0
1932;28;140;0
1933;64;73;0
1934;63;40;0
1935;44;69;0
1936;34;191;1
1937;50;82;0
1938;51;181;1
1939;30;38;0
1940;55;23;0
1941;57;55;0
1942;43;58;0
1943;61;29;0
1944;49;39;0
1945;52;39;0
1946;57;30;0
1947;53;58;0
1948;52;62;0
1949;39;62;0
1950;58;19;0
1951;36;38;0
1952;45;84;0
1953;30;78;0
1954;49;22;0
1955;44;81;0
1956;43;32;0
1957;42;89;0
1958;29;121;0
1959;28;42;0
1960;50;130;0
1961;44;30;0
1962;52;114;0
1963;28;155;0
1964;62;50;0
1965;34;34;0
1966;45;94;0
1967;52;114;0
1968;43;89;0
1969;54;49;0
1970;64;115;0
1971;27;148;0
1972;42;72;0
1973;28;114;0
1974;47;11;0
1975;39;63;0
1976;29;113;0
1977;39;80;0
1978;41;54;0
1979;37;32;0
1980;41;11;0
1981;45;141;0
1982;52;84;0
1983;58;18;0
1984;31;20;0
1985;26;55;0
1986;31;31;0
1987;42;114;0
1988;56;52;0
1989;52;18;0
1990;59;55;0
1991;32;29;0
1992;46;30;0
1993;52;38;0
1994;30;122;0
1995;32;183;0
1996;35;41;0
1997;49;38;0
1998;54;61;0
1999;56;103;1
2000;48;80;0
2001;28;22;0
2002;44;128;1
2003;30;142;1
2004;44;124;0
2005;30;44;0
2006;47;170;1
2007;64;75;0
2008;48;78;0
2009;63;31;0
2010;25;99;0
2011;61;41;0
2012;46;39;0
2013;57;51;0
2014;40;52;0
2015;49;169;1
2016;30;141;0
2017;41;93;0
2018;42;14;0
2019;63;160;0
2020;43;44;0
2021;59;33;0
2022;46;103;1
2023;33;71;0
2024;55;55;0
2025;36;113;1
2026;47;79;0
2027;59;80;0
2028;38;179;0
2029;42;9;0
2030;30;61;0
2031;63;111;0
2032;60;80;0
2033;62;32;0
2034;49;83;0
2035;59;91;0
2036;36;29;0
2037;46;19;0
2038;35;52;0
2039;50;150;0
2040;51;32;0
2041;41;91;0
2042;45;180;1
2043;41;121;0
2044;57;25;0
2045;51;102;0
2046;52;44;0
2047;43;161;1
2048;63;134;1
2049;28;43;0
2050;43;94;0
2051;41;29;0
2052;34;38;0
2053;28;120;0
2054;58;85;0
2055;39;89;0
2056;49;25;0
2057;33;20;0
2058;37;125;0
2059;33;18;0
2060;28;173;0
2061;54;34;0
2062;63;159;1
2063;57;55;0
2064;56;32;0
2065;54;65;0
2066;29;83;0
2067;41;30;0
2068;58;180;0
2069;61;13;0
2070;30;35;0
2071;62;95;0
2072;52;83;0
2073;29;39;0
2074;46;54;0
2075;52;81;0
2076;40;53;0
2077;49;119;0
2078;34;160;1
2079;35;21;0
2080;26;40;0
2081;65;69;0
2082;52;45;0
2083;32;55;0
2084;31;38;0
2085;36;44;0
2086;50;45;0
2087;36;84;0
2088;51;188;1
2089;39;29;0
2090;53;95;0
2091;50;79;0
2092;31;41;0
2093;53;19;0
2094;48;75;0
2095;57;64;0
2096;47;174;1
2097;55;54;0
2098;37;14;0
2099;59;94;0
2100;53;10;0
2101;31;145;0
2102;35;203;1
2103;25;81;0
2104;37;153;0
2105;40;58;0
2106;31;49;0
2107;62;132;0
2108;41;85;0
2109;56;85;0
2110;47;178;1
2111;28;104;0
2112;60;40;0
2113;27;103;0
2114;57;25;0
2115;62;69;0
2116;57;30;0
2117;44;70;0
2118;31;15;0
2119;31;125;0
2120;39;50;0
2121;41;44;0
2122;41;38;0
2123;55;64;0
2124;28;9;0
2125;35;44;0
2126;44;93;0
2127;44;83;0
2128;40;179;0
2129;65;40;0
2130;35;58;0
2131;55;74;0
2132;55;15;0
2133;59;11;0
2134;39;41;0
2135;50;68;0
2136;45;28;0
2137;50;115;1
2138;65;83;0
2139;36;40;0
2140;57;113;0
2141;53;89;0
2142;28;38;0
2143;55;62;0
2144;56;65;0
2145;33;168;1
2146;57;40;0
2147;27;30;0
2148;27;20;0
2149;54;58;0
2150;48;150;0
2151;62;54;0
2152;41;19;0
2153;62;30;0
2154;40;123;0
2155;32;45;0
2156;62;154;0
2157;35;93;0
2158;25;71;0
2159;50;83;1
2160;61;99;1
2161;43;55;0
2162;52;38;0
2163;39;74;0
2164;33;69;0
2165;27;104;0
2166;27;38;0
2167;32;25;0
2168;65;162;0
2169;55;64;0
2170;52;30;0
2171;39;52;0
2172;35;42;0
2173;39;79;0
2174;34;34;0
2175;30;123;0
2176;37;160;0
2177;41;51;0
2178;31;108;0
2179;37;158;1
2180;49;68;0
2181;58;42;0
2182;45;32;0
2183;40;22;0
2184;34;29;0
2185;62;183;1
2186;54;69;0
2187;26;92;0
2188;54;40;0
2189;29;9;0
2190;48;128;0
2191;27;110;0
2192;42;171;0
2193;25;13;0
2194;45;25;0
2195;34;123;1
2196;51;33;0
2197;51;189;1
2198;60;34;0
2199;59;58;0
2200;49;51;0
2201;50;29;0
2202;41;111;0
2203;49;43;0
2204;50;130;0
2205;63;20;0
2206;63;101;0
2207;33;48;0
2208;38;180;1
2209;64;92;0
2210;36;33;0
2211;58;51;0
2212;39;31;0
2213;46;83;0
2214;61;45;0
2215;53;89;0
2216;28;193;1
2217;64;89;0
2218;48;162;1
2219;38;9;0
2220;52;58;0
2221;65;80;0
2222;59;73;0
2223;45;41;0
2224;53;74;0
2225;38;29;0
2226;54;25;0
2227;25;98;0
2228;61;59;0
2229;48;43;0
2230;46;72;0
2231;36;183;1
2232;46;134;0
2233;59;140;0
2234;59;39;0
2235;36;35;0
2236;63;141;0
2237;51;23;0
2238;30;134;0
2239;48;35;0
2240;55;42;0
2241;41;81;0
2242;26;14;0
2243;41;45;0
2244;54;79;0
2245;57;53;0
2246;54;33;0
2247;35;190;1
2248;60;60;0
2249;63;8;0
2250;41;38;0
2251;46;154;0
2252;31;54;0
2253;58;41;0
2254;59;25;0
2255;46;53;0
2256;33;79;0
2257;56;13;0
2258;47;130;0
2259;59;93;0
2260;24;82;0
2261;39;15;0
2262;30;150;1
2263;55;131;1
2264;47;28;0
2265;35;9;0
2266;47;88;0
2267;38;143;0
2268;38;168;1
2269;27;105;1
2270;42;62;0
2271;26;51;0
2272;60;101;0
2273;27;90;0
2274;27;83;0
2275;40;21;0
2276;40;115;0
2277;29;172;1
2278;30;32;0
2279;30;204;0
2280;47;34;0
2281;33;30;0
2282;57;31;0
2283;38;90;0
2284;54;79;0
2285;47;22;0
2286;48;114;1
2287;62;42;0
2288;30;29;0
2289;35;72;0
2290;59;68;0
2291;38;78;0
2292;47;90;0
2293;57;170;1
2294;42;14;0
2295;39;129;0
2296;53;39;0
2297;27;82;0
2298;59;31;0
2299;48;9;0
2300;62;15;0
2301;66;70;0
2302;38;84;0
2303;42;155;0
2304;47;89;0
2305;27;170;1
2306;32;185;0
2307;37;82;0
2308;56;60;0
2309;39;58;0
2310;36;29;0
2311;32;32;0
2312;62;115;0
2313;48;83;0
2314;58;54;0
2315;27;112;0
2316;52;182;1
2317;54;112;0
2318;31;129;1
2319;60;23;0
2320;34;198;0
2321;46;84;0
2322;41;39;0
2323;62;129;0
2324;31;113;0
2325;41;35;0
2326;55;85;0
2327;45;73;0
2328;51;70;0
2329;27;130;1
2330;30;39;0
2331;31;72;0
2332;61;68;0
2333;40;35;0
2334;45;61;0
2335;45;69;0
2336;37;59;0
2337;34;99;0
2338;43;201;1
2339;42;130;0
2340;56;72;0
2341;33;44;0
2342;36;91;0
2343;62;92;0
2344;58;55;0
2345;65;20;0
2346;65;89;1
2347;52;59;0
2348;64;8;0
2349;51;85;0
2350;59;94;0
2351;52;22;0
2352;55;74;0
2353;46;59;0
2354;61;12;0
2355;35;8;0
2356;56;74;0
2357;31;184;1
2358;44;34;0
2359;53;63;0
2360;36;123;1
2361;27;85;0
2362;36;109;1
2363;40;31;0
2364;39;61;0
2365;59;88;0
2366;43;22;0
2367;30;63;0
2368;26;80;0
2369;48;78;0
2370;50;45;0
2371;33;51;0
2372;32;111;0
2373;34;45;0
2374;33;184;1
2375;32;41;0
2376;55;69;0
2377;58;23;0
2378;47;160;0
2379;30;61;0
2380;42;110;0
2381;40;50;0
2382;33;49;0
2383;46;185;1
2384;63;52;0
2385;62;53;0
2386;43;125;1
2387;31;72;0
2388;28;51;0
2389;64;23;0
2390;27;41;0
2391;33;41;0
2392;39;138;1
2393;44;138;0
2394;53;14;0
2395;42;145;0
2396;44;25;0
2397;34;43;0
2398;47;93;0
2399;53;90;0
2400;62;41;0
2401;61;169;1
2402;42;63;0
2403;48;23;0
2404;38;140;1
2405;41;75;0
2406;57;13;0
2407;31;10;0
2408;39;100;0
2409;48;85;0
2410;55;73;0
2411;29;130;0
2412;47;65;0
2413;61;59;0
2414;60;31;0
2415;34;134;0
2416;45;11;0
2417;60;32;0
2418;25;53;0
2419;41;28;0
2420;63;44;0
2421;63;40;0
2422;43;40;0
2423;58;163;0
2424;50;82;0
2425;38;89;0
2426;54;78;0
2427;61;55;0
2428;29;34;0
2429;39;108;1
2430;33;58;0
2431;23;73;0
2432;56;54;0
2433;54;45;0
2434;37;123;1
2435;38;93;0
2436;34;102;0
2437;53;39;0
2438;65;114;0
2439;62;29;0
2440;51;30;0
2441;31;22;0
2442;64;38;0
2443;39;41;0
2444;28;161;1
2445;60;38;0
2446;47;25;0
2447;25;70;0
2448;44;201;0
2449;51;42;0
2450;31;64;0
2451;32;28;0
2452;51;119;0
2453;25;28;0
2454;43;60;0
2455;54;23;0
2456;34;164;1
2457;54;39;0
2458;42;19;0
2459;46;72;0
2460;62;41;0
2461;31;32;0
2462;30;69;0
2463;52;23;0
2464;35;44;0
2465;60;32;0
2466;58;25;0
2467;24;80;0
2468;40;83;0
2469;49;133;0
2470;43;89;0
2471;33;81;0
2472;36;44;0
2473;62;119;0
2474;57;39;0
2475;64;40;0
2476;52;79;0
2477;54;30;0
2478;40;179;1
2479;30;178;0
2480;55;82;0
2481;39;50;0
2482;55;64;0
2483;28;129;0
2484;44;68;0
2485;46;30;0
2486;61;48;0
2487;61;130;0
2488;45;40;0
2489;38;105;0
2490;29;41;0
2491;52;168;1
2492;38;80;0
2493;28;134;0
2494;34;49;0
2495;35;63;0
2496;46;70;0
2497;63;32;0
2498;33;14;0
2499;38;111;0
2500;53;38;0
2501;28;121;0
2502;44;90;0
2503;58;178;1
2504;38;20;0
2505;48;61;0
2506;33;43;0
2507;66;39;0
2508;59;60;0
2509;40;63;0
2510;36;8;0
2511;62;52;0
2512;51;92;1
2513;58;111;0
2514;52;71;0
2515;41;25;0
2516;31;34;0
2517;28;74;0
2518;57;120;0
2519;61;50;0
2520;60;10;0
2521;56;45;0
2522;49;29;0
2523;63;145;0
2524;49;100;0
2525;49;24;0
2526;32;60;0
2527;26;50;0
2528;27;43;0
2529;57;79;0
2530;29;44;0
2531;56;31;0
2532;59;14;0
2533;53;19;0
2534;54;111;1
2535;56;90;0
2536;50;21;0
2537;51;104;1
2538;53;75;0
2539;37;175;0
2540;32;98;1
2541;49;41;0
2542;34;171;1
2543;54;79;0
2544;64;24;0
2545;58;90;1
2546;25;39;0
2547;50;9;0
2548;38;15;0
2549;48;80;0
2550;41;63;0
2551;32;20;0
2552;46;43;0
2553;39;65;0
2554;39;91;0
2555;63;53;0
2556;58;110;0
2557;28;82;0
2558;36;23;0
2559;43;172;0
2560;36;88;0
2561;44;71;0
2562;31;180;1
2563;45;39;0
2564;39;94;0
2565;43;25;0
2566;40;10;0
2567;30;42;0
2568;58;142;0
2569;46;34;0
2570;35;139;0
2571;30;154;0
2572;34;40;0
2573;62;33;0
2574;58;80;0
2575;45;10;0
2576;42;41;0
2577;60;30;0
2578;55;78;0
2579;45;164;0
2580;52;23;0
2581;31;149;0
2582;60;25;0
2583;33;42;0
2584;37;71;0
2585;59;114;1
2586;51;70;0
2587;47;149;1
2588;60;55;0
2589;61;29;0
2590;64;123;0
2591;46;152;1
2592;31;8;0
2593;57;69;0
2594;48;161;1
2595;48;79;0
2596;35;105;0
2597;33;39;0
2598;47;163;0
2599;46;9;0
2600;44;71;0
2601;42;51;0
2602;50;32;0
2603;52;161;1
2604;53;60;0
2605;37;35;0
2606;64;41;0
2607;46;73;0
2608;57;49;0
2609;61;79;0
2610;42;120;0
2611;40;60;0
2612;33;78;0
2613;50;40;0
2614;52;110;1
2615;35;160;1
2616;57;68;0
2617;56;49;0
2618;44;65;0
2619;23;55;0
2620;33;62;0
2621;48;152;0
2622;45;42;0
2623;54;39;0
2624;42;111;1
2625;47;82;0
2626;61;108;0
2627;53;59;0
2628;56;61;0
2629;33;78;0
2630;44;18;0
2631;63;113;0
2632;47;62;0
2633;50;81;0
2634;49;13;0
2635;34;75;0
2636;40;33;0
2637;38;179;0
2638;51;69;0
2639;28;45;0
2640;52;59;0
2641;39;81;0
2642;29;133;0
2643;54;81;0
2644;63;14;0
2645;40;28;0
2646;36;93;0
2647;45;191;1
2648;61;155;0
2649;26;155;0
2650;33;68;0
2651;64;52;0
2652;43;51;0
2653;24;44;0
2654;30;121;0
2655;60;49;0
2656;50;42;0
2657;40;144;0
2658;31;72;0
2659;30;44;0
2660;60;43;0
2661;39;74;0
2662;66;145;0
2663;65;158;0
2664;54;78;0
2665;54;154;1
2666;35;105;0
2667;32;100;0
2668;63;58;0
2669;60;113;0
2670;43;10;0
2671;59;142;0
2672;62;128;0
2673;30;131;1
2674;54;88;0
2675;30;101;0
2676;31;70;0
2677;44;122;0
2678;32;70;0
2679;63;148;1
2680;57;43;0
2681;60;31;0
2682;37;35;0
2683;53;81;0
2684;51;19;0
2685;30;98;0
2686;28;101;0
2687;50;81;0
2688;52;135;0
2689;56;34;0
2690;40;104;0
2691;64;29;0
2692;61;119;1
2693;46;82;0
2694;55;62;0
2695;45;85;0
2696;40;8;0
2697;63;78;0
2698;57;44;0
2699;38;122;0
2700;37;22;0
2701;31;39;0
2702;50;55;0
2703;42;144;0
2704;51;71;0
2705;38;191;0
2706;53;22;0
2707;43;158;0
2708;35;131;1
2709;49;75;0
2710;28;69;0
2711;51;39;0
2712;39;34;0
2713;31;32;0
2714;44;129;0
2715;46;158;1
2716;42;54;0
2717;41;34;0
2718;23;45;0
2719;59;68;0
2720;47;53;0
2721;48;32;0
2722;58;173;1
2723;58;31;0
2724;54;72;0
2725;49;30;0
2726;63;138;0
2727;62;18;0
2728;45;69;0
2729;39;58;0
2730;58;63;0
2731;56;43;0
2732;29;28;0
2733;33;38;0
2734;55;72;0
2735;56;64;0
2736;36;70;0
2737;53;12;0
2738;57;159;0
2739;35;103;0
2740;43;42;0
2741;54;48;0
2742;29;49;0
2743;39;89;0
2744;32;22;0
2745;51;10;0
2746;50;38;0
2747;54;49;0
2748;38;30;0
2749;32;82;0
2750;62;82;0
2751;57;24;0
2752;47;32;0
2753;51;34;0
2754;54;195;1
2755;26;61;0
2756;37;22;0
2757;27;40;0
2758;63;50;0
2759;62;35;0
2760;59;64;0
2761;32;49;0
2762;35;44;0
2763;56;65;0
2764;55;13;0
2765;31;84;0
2766;54;28;0
2767;58;108;0
2768;48;59;0
2769;48;163;0
2770;33;183;1
2771;36;69;0
2772;41;115;0
2773;55;130;1
2774;63;185;1
2775;53;118;0
2776;38;163;0
2777;46;140;0
2778;59;91;0
2779;56;61;0
2780;59;168;1
2781;39;69;0
2782;47;22;0
2783;47;53;0
2784;53;25;0
2785;36;115;1
2786;34;31;0
2787;36;83;0
2788;60;152;0
2789;45;30;0
2790;27;34;0
2791;47;44;0
2792;44;182;0
2793;54;44;0
2794;57;122;0
2795;52;35;0
2796;51;91;0
2797;57;30;0
2798;65;53;0
2799;58;28;0
2800;64;85;0
2801;52;28;0
2802;58;41;0
2803;52;154;1
2804;43;41;0
2805;56;33;0
2806;37;182;1
2807;53;59;0
2808;27;129;0
2809;53;35;0
2810;42;185;1
2811;58;45;0
2812;36;62;0
2813;53;183;1
2814;48;14;0
2815;54;53;0
2816;26;48;0
2817;50;128;0
2818;31;105;0
2819;35;40;0
2820;63;10;0
2821;29;102;0
2822;57;31;0
2823;30;30;0
2824;33;21;0
2825;62;44;0
2826;35;48;0
2827;37;21;0
2828;37;84;0
2829;35;64;0
2830;35;82;0
2831;59;39;0
2832;53;45;0
2833;45;133;1
2834;46;152;0
2835;40;12;0
2836;42;32;0
2837;25;74;0
2838;39;54;0
2839;30;181;1
2840;58;75;0
2841;41;95;0
2842;37;190;1
2843;36;90;0
2844;27;20;0
2845;60;64;0
2846;62;85;0
2847;67;105;0
2848;44;21;0
2849;24;78;0
2850;45;158;0
2851;58;125;0
2852;61;81;0
2853;54;183;0
2854;28;54;0
2855;49;79;0
2856;35;38;0
2857;36;172;1
2858;34;184;1
2859;36;158;0
2860;35;188;1
2861;27;20;0
2862;42;60;0
2863;65;113;0
2864;29;70;0
2865;65;84;0
2866;59;23;0
2867;46;141;0
2868;59;110;0
2869;52;31;0
2870;60;22;0
2871;43;91;0
2872;65;82;0
2873;50;23;0
2874;48;35;0
2875;49;114;1
2876;58;18;0
2877;24;80;0
2878;58;74;0
2879;45;122;1
2880;42;73;0
2881;64;40;0
2882;49;55;0
2883;55;69;0
2884;40;92;0
2885;28;48;0
2886;57;113;1
2887;50;58;0
2888;40;109;0
2889;55;39;0
2890;53;33;0
2891;48;18;0
2892;59;63;0
2893;58;43;0
2894;38;70;0
2895;49;19;0
2896;60;39;0
2897;54;81;0
2898;28;34;0
2899;27;140;1
2900;42;114;0
2901;52;55;0
2902;54;21;0
2903;56;50;0
2904;58;41;0
2905;56;190;1
2906;64;8;0
2907;35;55;0
2908;45;40;0
2909;57;22;0
2910;35;44;0
2911;46;102;1
2912;30;54;0
2913;44;130;1
2914;39;75;0
2915;42;42;0
2916;34;133;0
2917;46;40;0
2918;55;34;0
2919;28;142;0
2920;35;64;0
2921;60;44;0
2922;50;95;0
2923;52;49;0
2924;51;12;0
2925;51;98;0
2926;59;42;0
2927;53;44;0
2928;43;124;0
2929;31;175;0
2930;32;22;0
2931;41;78;0
2932;31;54;0
2933;41;154;0
2934;47;42;0
2935;37;195;0
2936;53;80;0
2937;49;81;0
2938;62;89;0
2939;33;61;0
2940;54;25;0
2941;27;43;0
2942;60;122;0
2943;29;160;0
2944;56;83;0
2945;55;79;0
2946;45;30;0
2947;33;145;0
2948;45;151;0
2949;44;14;0
2950;37;19;0
2951;42;55;0
2952;26;132;1
2953;33;182;0
2954;61;78;0
2955;31;42;0
2956;54;44;0
2957;62;195;1
2958;61;53;0
2959;66;65;0
2960;38;43;0
2961;55;38;0
2962;60;50;0
2963;23;81;0
2964;29;41;0
2965;35;73;0
2966;53;31;0
2967;32;84;0
2968;38;95;0
2969;44;162;1
2970;43;60;0
2971;54;121;1
2972;52;43;0
2973;31;38;0
2974;47;82;0
2975;42;52;0
2976;57;43;0
2977;33;82;0
2978;35;161;0
2979;56;24;0
2980;57;102;0
2981;25;53;0
2982;53;85;0
2983;59;111;0
2984;56;90;0
2985;54;94;0
2986;48;63;0
2987;55;153;1
2988;33;39;0
2989;46;205;0
2990;42;142;0
2991;49;163;0
2992;42;113;0
2993;46;64;0
2994;65;20;0
2995;50;179;0
2996;54;91;0
2997;42;103;1
2998;57;80;0
2999;61;38;0
3000;60;44;0
3001;40;164;1
3002;33;81;0
3003;37;95;0
3004;52;44;0
3005;33;88;0
3006;62;148;1
3007;62;169;1
3008;63;11;0
3009;55;92;0
3010;33;74;0
3011;25;72;0
3012;55;63;0
3013;29;172;0
3014;45;183;0
3015;60;40;0
3016;44;68;0
3017;48;78;0
3018;57;68;0
3019;58;49;0
3020;58;39;0
3021;44;151;0
3022;54;159;0
3023;59;89;0
3024;63;105;0
3025;61;78;0
3026;58;128;0
3027;44;81;0
3028;53;50;0
3029;63;38;0
3030;41;119;0
3031;50;110;0
3032;51;29;0
3033;47;19;0
3034;43;130;1
3035;46;38;0
3036;50;31;0
3037;33;14;0
3038;27;158;1
3039;34;39;0
3040;34;141;1
3041;28;33;0
3042;29;92;0
3043;52;78;0
3044;47;42;0
3045;41;15;0
3046;58;48;0
3047;37;63;0
3048;57;149;0
3049;63;49;0
3050;60;125;0
3051;50;58;0
3052;60;48;0
3053;54;75;0
3054;28;114;0
3055;45;134;1
3056;28;111;0
3057;54;62;0
3058;42;45;0
3059;30;113;0
3060;61;128;0
3061;64;168;1
3062;38;81;0
3063;39;75;0
3064;54;21;0
3065;59;83;0
3066;39;121;0
3067;63;40;0
3068;31;101;0
3069;56;90;0
3070;47;68;0
3071;28;74;0
3072;32;74;0
3073;54;51;0
3074;29;149;0
3075;39;31;0
3076;26;85;0
3077;29;62;0
3078;46;44;0
3079;38;63;0
3080;55;23;0
3081;48;40;0
3082;36;78;0
3083;39;40;0
3084;40;78;0
3085;26;129;1
3086;55;71;0
3087;61;23;0
3088;57;15;0
3089;56;28;0
3090;31;23;0
3091;61;19;0
3092;58;42;0
3093;43;113;0
3094;29;34;0
3095;50;19;0
3096;49;43;0
3097;43;179;1
3098;58;44;0
3099;41;21;0
3100;65;115;0
3101;52;81;0
3102;55;91;0
3103;49;30;0
3104;52;55;0
3105;56;48;0
3106;30;23;0
3107;36;21;0
3108;41;55;0
3109;42;21;0
3110;60;40;0
3111;44;30;0
3112;34;78;0
3113;56;65;0
3114;31;50;0
3115;29;55;0
3116;31;111;0
3117;36;21;0
3118;42;65;0
3119;64;114;0
3120;61;54;0
3121;35;75;0
3122;28;13;0
3123;38;54;0
3124;44;22;0
3125;45;198;0
3126;46;18;0
3127;57;74;0
3128;40;61;0
3129;38;64;0
3130;39;10;0
3131;23;82;0
3132;47;61;0
3133;32;83;0
3134;30;73;0
3135;54;22;0
3136;25;91;0
3137;60;65;0
3138;61;13;0
3139;36;103;0
3140;52;95;0
3141;33;31;0
3142;57;131;1
3143;34;175;1
3144;50;38;0
3145;43;104;0
3146;34;114;1
3147;26;38;0
3148;26;30;0
3149;48;19;0
3150;49;25;0
3151;47;124;1
3152;43;20;0
3153;40;83;0
3154;31;18;0
3155;27;99;1
3156;55;62;0
3157;54;24;0
3158;23;13;0
3159;54;64;0
3160;57;62;0
3161;41;158;1
3162;28;88;0
3163;33;28;0
3164;51;52;0
3165;28;82;0
3166;63;140;0
3167;29;80;0
3168;62;58;0
3169;51;180;0
3170;52;55;0
3171;43;65;0
3172;39;62;0
3173;35;23;0
3174;34;35;0
3175;49;35;0
3176;43;74;0
3177;48;14;0
3178;30;83;0
3179;46;71;0
3180;43;53;0
3181;27;103;0
3182;39;109;0
3183;58;60;0
3184;44;12;0
3185;39;141;0
3186;35;128;0
3187;41;98;0
3188;43;41;0
3189;55;90;0
3190;32;31;0
3191;56;74;0
3192;30;83;0
3193;65;35;0
3194;31;140;0
3195;41;65;0
3196;55;35;0
3197;37;73;0
3198;34;29;0
3199;34;55;0
3200;33;20;0
3201;48;70;0
3202;28;81;0
3203;30;25;0
3204;44;119;0
3205;61;49;0
3206;59;38;0
3207;33;80;0
3208;56;84;0
3209;53;61;0
3210;42;173;1
3211;43;60;0
3212;35;83;0
3213;61;59;0
3214;39;32;0
3215;61;33;0
3216;40;19;0
3217;34;14;0
3218;65;94;1
3219;40;154;0
3220;39;33;0
3221;61;28;0
3222;40;44;0
3223;49;81;0
3224;43;29;0
3225;45;58;0
3226;52;38;0
3227;32;82;0
3228;31;18;0
3229;27;45;0
3230;33;64;0
3231;65;48;0
3232;62;24;0
3233;55;65;0
3234;46;111;0
3235;37;114;0
3236;60;39;0
3237;44;19;0
3238;35;22;0
3239;52;49;0
3240;30;40;0
3241;62;63;0
3242;41;55;0
3243;38;33;0
3244;52;31;0
3245;48;24;0
3246;47;81;0
3247;41;81;0
3248;44;113;0
3249;31;92;0
3250;50;81;0
3251;36;101;0
3252;52;78;0
3253;62;78;0
3254;55;35;0
3255;61;9;0
3256;34;82;0
3257;34;41;0
3258;59;84;0
3259;41;42;0
3260;33;54;0
3261;55;84;0
3262;64;131;0
3263;44;85;0
3264;32;84;0
3265;67;114;0
3266;40;61;0
3267;57;39;0
3268;59;21;0
3269;43;111;1
3270;58;68;0
3271;50;179;1
3272;52;93;1
3273;35;85;0
3274;40;180;0
3275;31;110;0
3276;32;65;0
3277;55;159;1
3278;43;81;0
3279;31;132;0
3280;26;44;0
3281;58;98;0
3282;51;62;0
3283;45;91;0
3284;56;29;0
3285;25;101;0
3286;38;65;0
3287;62;58;0
3288;39;32;0
3289;56;140;1
3290;50;44;0
3291;52;113;0
3292;53;38;0
3293;25;13;0
3294;44;62;0
3295;42;29;0
3296;42;141;1
3297;63;132;1
3298;57;23;0
3299;56;11;0
3300;60;90;0
3301;62;43;0
3302;48;59;0
3303;37;28;0
3304;55;28;0
3305;42;108;0
3306;39;78;0
3307;47;65;0
3308;34;25;0
3309;48;108;0
3310;52;43;0
3311;53;95;0
3312;49;24;0
3313;47;190;0
3314;48;24;0
3315;38;41;0
3316;48;80;0
3317;56;63;0
3318;65;79;0
3319;46;105;1
3320;60;153;1
3321;50;114;0
3322;41;120;0
3323;41;104;0
3324;60;20;0
3325;57;41;0
3326;48;35;0
3327;53;174;1
3328;42;164;1
3329;45;22;0
3330;35;132;0
3331;34;32;0
3332;67;21;0
3333;36;49;0
3334;37;79;0
3335;40;30;0
3336;35;118;0
3337;60;11;0
3338;59;61;0
3339;35;43;0
3340;27;141;1
3341;29;54;0
3342;35;33;0
3343;38;84;0
3344;62;125;1
3345;43;110;0
3346;35;14;0
3347;41;65;0
3348;65;78;0
3349;61;18;0
3350;55;95;0
3351;28;95;0
3352;52;191;0
3353;34;19;0
3354;49;19;0
3355;42;39;0
3356;49;93;0
3357;49;115;1
3358;32;112;0
3359;59;40;0
3360;43;45;0
3361;48;133;0
3362;31;85;0
3363;30;18;0
3364;58;54;0
3365;41;41;0
3366;38;21;0
3367;33;152;0
3368;51;53;0
3369;45;163;1
3370;34;84;0
3371;39;59;0
3372;44;33;0
3373;55;81;0
3374;28;182;1
3375;57;61;0
3376;43;88;0
3377;46;170;0
3378;35;83;0
3379;25;44;0
3380;65;83;0
3381;64;21;0
3382;39;143;0
3383;62;103;0
3384;46;135;1
3385;36;162;0
3386;42;73;0
3387;35;142;1
3388;63;25;0
3389;45;115;0
3390;27;88;0
3391;29;73;0
3392;55;94;0
3393;32;58;0
3394;37;81;0
3395;25;113;0
3396;41;35;0
3397;52;65;0
3398;31;170;0
3399;40;62;0
3400;54;54;0
3401;48;39;0
3402;39;28;0
3403;64;95;0
3404;54;82;1
3405;39;21;0
3406;55;50;0
3407;42;34;0
3408;58;19;0
3409;45;71;0
3410;29;113;0
3411;36;9;0
3412;63;118;0
3413;55;79;0
3414;54;72;0
3415;61;18;0
3416;36;93;0
3417;61;62;0
3418;39;23;0
3419;57;40;0
3420;35;34;0
3421;66;114;0
3422;49;125;0
3423;48;41;0
3424;61;38;0
3425;44;45;0
3426;23;12;0
3427;31;115;0
3428;39;175;0
3429;45;24;0
3430;39;28;0
3431;64;32;0
3432;64;63;0
3433;47;32;0
3434;34;60;0
3435;56;53;0
3436;33;58;0
3437;56;42;0
3438;57;39;0
3439;43;72;0
3440;43;80;0
3441;26;39;0
3442;64;18;0
3443;43;30;0
3444;44;54;0
3445;60;128;0
3446;37;38;0
3447;56;120;0
3448;54;25;0
3449;43;85;0
3450;57;135;1
3451;29;14;0
3452;54;70;0
3453;61;23;0
3454;29;31;0
3455;47;132;0
3456;43;28;0
3457;46;125;1
3458;55;91;0
3459;48;191;0
3460;26;88;0
3461;63;84;0
3462;57;64;0
3463;58;28;0
3464;28;149;0
3465;61;172;1
3466;65;42;0
3467;33;53;0
3468;63;149;1
3469;43;113;0
3470;26;79;0
3471;57;175;0
3472;50;38;0
3473;54;120;1
3474;59;52;0
3475;49;42;0
3476;54;13;0
3477;65;141;0
3478;34;131;0
3479;31;133;1
3480;31;64;0
3481;64;49;0
3482;52;34;0
3483;57;91;0
3484;60;195;0
3485;45;53;0
3486;39;39;0
3487;25;20;0
3488;29;104;0
3489;40;51;0
3490;36;154;1
3491;33;38;0
3492;51;12;0
3493;35;28;0
3494;54;33;0
3495;29;31;0
3496;32;44;0
3497;37;49;0
3498;55;134;0
3499;30;182;1
3500;49;114;0
3501;51;90;0
3502;65;105;0
3503;32;58;0
3504;29;53;0
3505;46;15;0
3506;64;103;0
3507;27;58;0
3508;50;83;0
3509;33;125;1
3510;38;61;0
3511;38;69;0
3512;37;89;0
3513;46;70;0
3514;31;39;0
3515;35;41;0
3516;50;148;0
3517;45;38;0
3518;30;95;1
3519;60;129;0
3520;31;84;0
3521;60;29;0
3522;36;30;0
3523;64;90;0
3524;29;150;0
3525;58;15;0
3526;59;13;0
3527;58;9;0
3528;35;24;0
3529;43;41;0
3530;33;25;0
3531;54;49;0
3532;38;58;0
3533;38;141;0
3534;57;50;0
3535;34;61;0
3536;52;65;0
3537;50;112;0
3538;60;19;0
3539;26;23;0
3540;56;60;0
3541;39;30;0
3542;45;144;1
3543;30;118;1
3544;37;194;0
3545;45;109;0
3546;48;174;0
3547;65;34;0
3548;46;84;0
3549;40;41;0
3550;33;92;0
3551;40;19;0
3552;60;55;0
3553;51;22;0
3554;41;155;0
3555;37;72;0
3556;35;81;0
3557;35;30;0
3558;46;54;0
3559;60;60;0
3560;51;68;0
3561;31;65;0
3562;30;31;0
3563;32;169;1
3564;53;139;1
3565;33;29;0
3566;40;43;0
3567;57;80;0
3568;51;43;0
3569;30;194;0
3570;41;24;0
3571;54;32;0
3572;42;153;1
3573;30;30;0
3574;60;165;1
3575;56;64;0
3576;63;15;0
3577;56;70;0
3578;39;32;0
3579;29;128;1
3580;28;84;0
3581;41;62;0
3582;28;33;0
3583;49;65;0
3584;30;33;0
3585;63;15;0
3586;45;45;0
3587;40;132;0
3588;28;29;0
3589;62;65;0
3590;38;52;0
3591;32;64;0
3592;58;73;0
3593;33;20;0
3594;60;44;0
3595;34;79;0
3596;38;104;0
3597;44;88;0
3598;56;51;0
3599;37;61;0
3600;45;23;0
3601;44;38;0
3602;37;75;0
3603;47;42;0
3604;51;45;0
3605;63;59;0
3606;61;130;1
3607;43;9;0
3608;41;62;0
3609;59;202;0
3610;29;162;0
3611;32;93;0
3612;64;145;0
3613;50;99;1
3614;35;148;1
3615;34;154;1
3616;58;149;0
3617;41;69;0
3618;37;30;0
3619;35;48;0
3620;45;42;0
3621;53;132;0
3622;53;81;0
3623;54;60;0
3624;28;45;0
3625;58;70;0
3626;47;71;0
3627;24;28;0
3628;27;83;0
3629;42;131;0
3630;50;82;0
3631;41;79;0
3632;46;51;0
3633;46;111;0
3634;51;93;0
3635;59;73;0
3636;58;24;0
3637;37;64;0
3638;39;104;0
3639;47;38;0
3640;51;191;0
3641;64;53;0
3642;59;74;0
3643;55;21;0
3644;57;80;0
3645;59;41;0
3646;42;79;0
3647;34;141;1
3648;41;32;0
3649;43;38;0
3650;53;85;0
3651;47;93;0
3652;49;140;1
3653;35;69;0
3654;52;32;0
3655;53;61;0
3656;48;125;0
3657;35;30;0
3658;52;104;0
3659;60;24;0
3660;33;22;0
3661;38;59;0
3662;29;120;1
3663;35;164;0
3664;26;60;0
3665;48;43;0
3666;43;70;0
3667;60;51;0
3668;27;59;0
3669;38;129;1
3670;40;22;0
3671;38;29;0
3672;50;18;0
3673;38;65;0
3674;34;65;0
3675;42;38;0
3676;60;110;0
3677;62;22;0
3678;59;43;0
3679;49;30;0
3680;49;134;0
3681;36;32;0
3682;33;139;0
3683;43;45;0
3684;53;62;0
3685;57;51;0
3686;53;93;0
3687;60;122;0
3688;34;45;0
3689;51;179;0
3690;36;64;0
3691;63;41;0
3692;37;58;0
3693;57;64;0
3694;52;28;0
3695;38;21;0
3696;61;60;0
3697;31;78;0
3698;39;59;0
3699;38;59;0
3700;46;83;0
3701;48;128;0
3702;58;95;0
3703;50;160;1
3704;67;78;0
3705;36;184;1
3706;30;30;0
3707;58;51;0
3708;43;35;0
3709;31;74;0
3710;37;43;0
3711;49;23;0
3712;27;20;0
3713;50;112;0
3714;46;74;0
3715;49;65;0
3716;29;124;0
3717;55;65;0
3718;61;73;0
3719;45;8;0
3720;33;53;0
3721;63;131;1
3722;32;13;0
3723;42;60;0
3724;51;45;0
3725;44;39;0
3726;33;78;0
3727;39;43;0
3728;56;31;0
3729;28;118;1
3730;43;82;0
3731;30;112;0
3732;34;10;0
3733;26;18;0
3734;58;72;0
3735;43;72;0
3736;40;78;0
3737;54;78;0
3738;44;30;0
3739;54;45;0
3740;39;80;0
3741;59;174;0
3742;53;51;0
3743;32;181;0
3744;40;78;0
3745;54;79;0
3746;27;119;0
3747;63;49;0
3748;26;83;1
3749;33;100;0
3750;43;70;0
3751;57;52;0
3752;26;12;0
3753;55;82;0
3754;30;34;0
3755;63;112;0
3756;55;42;0
3757;35;83;0
3758;45;142;1
3759;47;199;0
3760;31;29;0
3761;56;70;0
3762;49;25;0
3763;53;84;0
3764;62;81;0
3765;63;15;0
3766;26;54;0
3767;59;108;1
3768;40;83;0
3769;42;62;0
3770;29;134;0
3771;40;75;0
3772;31;109;0
3773;35;152;0
3774;62;83;0
3775;51;52;0
3776;32;31;0
3777;27;135;1
3778;62;98;0
3779;66;14;0
3780;53;64;0
3781;49;109;0
3782;65;118;0
3783;30;80;0
3784;60;51;0
3785;30;115;1
3786;54;83;0
3787;54;90;0
3788;37;28;0
3789;32;82;0
3790;51;24;0
3791;46;71;0
3792;41;80;0
3793;62;109;0
3794;54;140;0
3795;52;39;0
3796;51;39;0
3797;24;50;0
3798;61;31;0
3799;55;35;0
3800;37;44;0
3801;64;35;0
3802;34;20;0
3803;31;10;0
3804;42;83;0
3805;47;203;0
3806;29;84;0
3807;34;41;0
3808;36;164;0
3809;34;152;0
3810;26;62;0
3811;48;12;0
3812;47;28;0
3813;39;52;0
3814;62;19;0
3815;34;35;0
3816;43;28;0
3817;55;70;0
3818;65;140;0
3819;26;102;0
3820;57;50;0
3821;32;61;0
3822;35;188;1
3823;63;178;1
3824;49;44;0
3825;23;12;0
3826;30;69;0
3827;43;132;0
3828;39;128;0
3829;31;44;0
3830;65;44;0
3831;34;34;0
3832;37;132;0
3833;62;158;0
3834;33;83;0
3835;48;28;0
3836;33;131;1
3837;45;31;0
3838;44;40;0
3839;37;71;0
3840;31;42;0
3841;56;35;0
3842;30;81;0
3843;61;91;0
3844;32;129;1
3845;51;75;0
3846;26;54;0
3847;31;43;0
3848;43;94;0
3849;57;84;0
3850;42;34;0
3851;48;15;0
3852;46;99;0
3853;33;15;0
3854;45;83;0
3855;31;83;0
3856;42;143;0
3857;56;81;0
3858;63;39;0
3859;42;158;1
3860;50;62;0
3861;31;64;0
3862;65;29;0
3863;60;64;0
3864;34;21;0
3865;62;142;1
3866;56;64;0
3867;51;40;0
3868;44;61;0
3869;41;44;0
3870;43;78;0
3871;25;25;0
3872;40;125;0
3873;53;63;0
3874;54;54;0
3875;36;92;0
3876;26;119;0
3877;35;40;0
3878;29;41;0
3879;35;81;0
3880;28;101;0
3881;48;25;0
3882;46;55;0
3883;31;43;0
3884;40;98;0
3885;27;112;0
3886;32;69;0
3887;67;79;0
3888;24;118;0
3889;45;81;0
3890;26;19;0
3891;42;139;1
3892;65;63;0
3893;59;102;0
3894;30;40;0
3895;32;44;0
3896;36;59;0
3897;48;224;0
3898;56;64;0
3899;44;129;0
3900;60;43;0
3901;51;12;0
3902;34;53;0
3903;45;39;0
3904;47;65;0
3905;29;18;0
3906;52;55;0
3907;61;60;0
3908;40;42;0
3909;24;44;0
3910;33;111;0
3911;33;62;0
3912;52;44;0
3913;40;69;0
3914;45;62;0
3915;27;35;0
3916;38;91;0
3917;50;12;0
3918;41;89;0
3919;60;65;0
3920;64;179;1
3921;34;82;0
3922;30;48;0
3923;31;20;0
3924;41;91;0
3925;61;122;0
3926;42;22;0
3927;48;43;0
3928;59;38;0
3929;57;61;0
3930;37;33;0
3931;53;145;0
3932;53;170;0
3933;26;55;0
3934;39;40;0
3935;35;68;0
3936;59;53;0
3937;43;63;0
3938;39;123;0
3939;49;13;0
3940;47;12;0
3941;41;53;0
3942;57;79;0
3943;42;89;0
3944;61;188;1
3945;56;62;0
3946;29;123;1
3947;25;40;0
3948;32;119;1
3949;37;123;1
3950;31;23;0
3951;38;62;0
3952;40;69;0
3953;61;124;0
3954;50;52;0
3955;32;134;0
3956;62;58;0
3957;62;45;0
3958;40;75;0
3959;59;23;0
3960;43;123;1
3961;62;48;0
3962;48;145;0
3963;29;31;0
3964;58;38;0
3965;43;78;0
3966;39;94;0
3967;33;84;0
3968;40;22;0
3969;28;78;0
3970;38;75;0
3971;65;71;0
3972;35;24;0
3973;29;112;0
3974;61;53;0
3975;46;41;0
3976;50;25;0
3977;60;42;0
3978;54;51;0
3979;43;19;0
3980;38;90;0
3981;46;89;0
3982;64;22;0
3983;24;119;0
3984;39;93;1
3985;34;18;0
3986;65;32;0
3987;38;182;1
3988;62;19;0
3989;59;85;1
3990;49;90;0
3991;57;59;0
3992;64;84;0
3993;47;95;1
3994;30;13;0
3995;42;88;0
3996;53;34;0
3997;50;11;0
3998;62;80;0
3999;34;41;0
4000;47;90;0
4001;62;93;1
4002;61;81;0
4003;59;60;0
4004;47;39;0
4005;65;22;0
4006;56;32;0
4007;56;28;0
4008;31;35;0
4009;61;154;1
4010;42;189;0
4011;44;40;0
4012;47;88;0
4013;30;124;0
4014;62;23;0
4015;56;23;0
4016;25;139;0
4017;53;173;1
4018;26;42;0
4019;59;161;0
4020;62;28;0
4021;58;191;1
4022;40;42;0
4023;35;81;0
4024;51;175;1
4025;41;82;0
4026;51;53;0
4027;27;142;1
4028;46;42;0
4029;46;64;0
4030;31;90;0
4031;58;44;0
4032;42;29;0
4033;59;93;0
4034;54;69;0
4035;35;82;0
4036;34;180;1
4037;46;13;0
4038;52;72;0
4039;55;54;0
4040;34;104;0
4041;57;44;0
4042;45;40;0
4043;29;190;0
4044;49;64;0
4045;36;9;0
4046;57;38;0
4047;25;72;0
4048;43;82;0
4049;27;48;0
4050;54;82;0
4051;53;14;0
4052;55;162;0
4053;43;54;0
4054;35;90;0
4055;59;64;0
4056;42;65;0
4057;51;113;0
4058;57;38;0
4059;39;65;0
4060;53;39;0
4061;31;174;0
4062;33;59;0
4063;38;43;0
4064;47;24;0
4065;63;50;0
4066;44;68;0
4067;61;61;0
4068;52;21;0
4069;59;21;0
4070;56;31;0
4071;58;70;0
4072;30;25;0
4073;42;78;0
4074;51;19;0
4075;60;23;0
4076;30;40;0
4077;49;22;0
4078;26;71;0
4079;36;58;0
4080;65;75;0
4081;27;40;0
4082;60;155;1
4083;32;83;0
4084;46;99;0
4085;60;59;0
4086;28;53;0
4087;50;11;0
4088;52;179;1
4089;29;71;0
4090;30;85;0
4091;42;49;0
4092;32;122;0
4093;40;171;0
4094;49;138;1
4095;53;8;0
4096;42;59;0
4097;38;49;0
4098;60;92;0
4099;27;75;0
4100;61;60;0
4101;27;41;0
4102;45;40;0
4103;41;81;0
4104;44;52;0
4105;38;25;0
4106;39;139;0
4107;48;54;0
4108;47;81;0
4109;64;73;0
4110;27;30;0
4111;66;59;0
4112;43;21;0
4113;34;65;0
4114;28;41;0
4115;52;52;0
4116;45;84;0
4117;24;135;0
4118;39;18;0
4119;40;34;0
4120;30;85;0
4121;49;23;0
4122;53;65;0
4123;56;195;0
4124;50;40;0
4125;53;141;1
4126;60;95;0
4127;58;23;0
4128;43;82;0
4129;46;53;0
4130;29;10;0
4131;56;75;0
4132;48;23;0
4133;61;133;0
4134;41;129;0
4135;35;85;0
4136;48;168;0
4137;43;83;0
4138;37;52;0
4139;47;114;0
4140;29;81;0
4141;63;32;0
4142;43;63;0
4143;57;70;0
4144;55;20;0
4145;47;138;0
4146;58;63;0
4147;53;85;0
4148;59;180;1
4149;46;80;0
4150;41;53;0
4151;46;72;0
4152;44;123;1
4153;44;91;0
4154;50;148;0
4155;51;163;1
4156;55;28;0
4157;37;193;0
4158;34;22;0
4159;59;74;0
4160;45;70;0
4161;30;11;0
4162;32;61;0
4163;61;41;0
4164;54;108;1
4165;35;23;0
4166;63;135;1
4167;66;30;0
4168;48;144;1
4169;60;139;1
4170;41;143;1
4171;31;44;0
4172;58;49;0
4173;67;75;0
4174;35;43;0
4175;40;59;0
4176;42;154;1
4177;44;75;0
4178;47;75;0
4179;59;88;0
4180;29;91;1
4181;36;11;0
4182;47;22;0
4183;55;49;0
4184;41;140;0
4185;51;99;0
4186;26;82;0
4187;33;10;0
4188;30;109;0
4189;30;45;0
4190;45;93;0
4191;40;89;1
4192;42;39;0
4193;50;21;0
4194;62;31;0
4195;63;31;0
4196;43;52;0
4197;49;13;0
4198;51;21;0
4199;61;50;0
4200;43;81;0
4201;43;74;0
4202;61;89;0
4203;35;82;0
4204;59;88;0
4205;40;61;0
4206;61;139;0
4207;48;29;0
4208;37;51;0
4209;56;58;0
4210;35;21;0
4211;35;43;0
4212;40;104;0
4213;50;9;0
4214;49;39;0
4215;46;89;0
4216;64;21;0
4217;60;173;1
4218;45;29;0
4219;52;43;0
4220;58;30;0
4221;54;39;0
4222;48;83;0
4223;51;58;0
4224;53;8;0
4225;57;39;0
4226;43;204;0
4227;37;45;0
4228;32;111;0
4229;34;83;0
4230;54;83;0
4231;62;115;0
4232;56;60;0
4233;39;53;0
4234;32;134;0
4235;50;91;0
4236;27;91;0
4237;37;128;0
4238;60;78;0
4239;43;161;0
4240;62;60;0
4241;39;161;0
4242;34;40;0
4243;46;68;0
4244;46;74;0
4245;51;55;0
4246;44;145;0
4247;60;24;0
4248;65;10;0
4249;58;138;0
4250;37;63;0
4251;52;54;0
4252;42;62;0
4253;54;81;0
4254;54;61;0
4255;51;68;0
4256;59;78;0
4257;41;165;0
4258;43;48;0
4259;52;155;1
4260;52;158;1
4261;57;52;0
4262;53;18;0
4263;58;42;0
4264;59;18;0
4265;57;40;0
4266;27;44;0
4267;42;11;0
4268;52;194;1
4269;49;108;0
4270;47;12;0
4271;45;19;0
4272;25;150;0
4273;47;89;0
4274;44;83;0
4275;30;79;0
4276;63;102;0
4277;50;155;0
4278;40;138;0
4279;56;51;0
4280;39;80;0
4281;42;135;0
4282;28;34;0
4283;26;195;1
4284;58;62;0
4285;38;173;0
4286;23;149;0
4287;53;20;0
4288;54;42;0
4289;42;28;0
4290;54;95;0
4291;66;95;0
4292;46;34;0
4293;63;191;1
4294;63;41;0
4295;58;150;0
4296;65;91;0
4297;35;84;0
4298;33;73;0
4299;43;122;0
4300;30;73;0
4301;61;20;0
4302;49;130;1
4303;52;85;1
4304;45;134;0
4305;64;98;0
4306;26;54;0
4307;35;41;0
4308;45;128;1
4309;44;132;1
4310;34;188;1
4311;65;170;1
4312;32;14;0
4313;41;93;0
4314;52;79;0
4315;35;79;0
4316;51;62;0
4317;30;95;0
4318;58;60;0
4319;49;75;0
4320;63;85;0
4321;40;143;0
4322;27;34;0
4323;38;44;0
4324;52;31;0
4325;49;13;0
4326;59;52;0
4327;32;42;0
4328;30;102;0
4329;64;143;1
4330;59;10;0
4331;62;44;0
4332;61;158;0
4333;53;12;0
4334;51;59;0
4335;55;92;0
4336;36;82;0
4337;44;44;0
4338;26;182;1
4339;54;121;0
4340;35;38;0
4341;34;92;0
4342;28;53;0
4343;32;45;0
4344;38;63;0
4345;53;181;0
4346;26;184;1
4347;45;33;0
4348;58;22;0
4349;59;99;0
4350;45;44;0
4351;64;101;0
4352;30;32;0
4353;40;59;0
4354;61;25;0
4355;40;140;1
4356;40;29;0
4357;43;35;0
4358;39;141;1
4359;35;75;0
4360;38;58;0
4361;67;41;0
4362;55;42;0
4363;28;55;0
4364;30;18;0
4365;59;75;0
4366;26;85;0
4367;52;43;0
4368;40;149;0
4369;31;25;0
4370;50;19;0
4371;27;18;0
4372;64;13;0
4373;34;41;0
4374;30;139;0
4375;39;62;0
4376;34;51;0
4377;40;71;0
4378;33;145;1
4379;38;45;0
4380;42;53;0
4381;37;64;0
4382;33;39;0
4383;60;38;0
4384;28;85;0
4385;45;61;0
4386;56;23;0
4387;53;122;0
4388;37;72;0
4389;47;123;0
4390;58;40;0
4391;52;62;0
4392;46;113;0
4393;52;81;0
4394;24;59;0
4395;57;25;0
4396;66;25;0
4397;30;14;0
4398;48;19;0
4399;63;61;0
4400;48;21;0
4401;34;44;0
4402;60;42;0
4403;55;52;0
4404;50;112;0
4405;29;34;0
4406;61;83;0
4407;50;24;0
4408;37;71;0
4409;64;181;1
4410;43;75;0
4411;39;153;0
4412;23;75;0
4413;34;19;0
4414;29;31;0
4415;33;178;1
4416;60;65;0
4417;49;8;0
4418;54;92;0
4419;59;145;1
4420;42;85;0
4421;62;149;0
4422;63;9;0
4423;57;164;1
4424;61;40;0
4425;35;54;0
4426;26;164;1
4427;33;140;0
4428;31;18;0
4429;51;12;0
4430;55;140;0
4431;38;24;0
4432;38;60;0
4433;53;50;0
4434;62;44;0
4435;35;51;0
4436;46;34;0
4437;60;33;0
4438;63;63;0
4439;43;22;0
4440;33;104;1
4441;43;75;0
4442;62;75;0
4443;48;62;0
4444;38;48;0
4445;36;73;0
4446;49;135;0
4447;61;61;0
4448;49;78;0
4449;59;40;0
4450;30;44;0
4451;44;45;0
4452;67;18;0
4453;59;53;0
4454;37;11;0
4455;50;38;0
4456;56;28;0
4457;29;35;0
4458;55;81;0
4459;48;90;0
4460;32;115;0
4461;47;78;0
4462;46;30;0
4463;33;39;0
4464;39;69;0
4465;60;29;0
4466;39;54;0
4467;34;60;0
4468;55;99;0
4469;67;51;0
4470;40;53;0
4471;44;111;1
4472;56;79;0
4473;50;90;0
4474;31;18;0
4475;66;73;0
4476;43;59;0
4477;58;40;0
4478;33;41;0
4479;33;53;0
4480;32;128;0
4481;55;145;1
4482;25;35;0
4483;40;28;0
4484;54;155;0
4485;36;195;0
4486;35;50;0
4487;44;48;0
4488;38;81;0
4489;30;50;0
4490;39;21;0
4491;35;142;0
4492;41;64;0
4493;56;91;0
4494;52;74;0
4495;29;182;1
4496;38;82;0
4497;51;45;0
4498;45;85;0
4499;51;133;0
4500;53;22;0
4501;50;24;0
4502;59;38;0
4503;57;80;0
4504;45;33;0
4505;27;41;0
4506;40;90;0
4507;39;89;0
4508;26;8;0
4509;27;85;0
4510;55;53;0
4511;64;20;0
4512;41;9;0
4513;46;25;0
4514;43;114;0
4515;24;41;0
4516;29;49;0
4517;58;12;0
4518;45;50;0
4519;53;30;0
4520;45;32;0
4521;32;41;0
4522;56;25;0
4523;31;29;0
4524;29;50;0
4525;48;79;0
4526;36;110;0
4527;36;40;0
4528;41;18;0
4529;48;48;0
4530;27;40;0
4531;33;19;0
4532;31;35;0
4533;48;133;1
4534;59;19;0
4535;41;83;0
4536;42;39;0
4537;62;38;0
4538;62;63;0
4539;51;85;0
4540;48;14;0
4541;56;64;0
4542;62;124;0
4543;53;20;0
4544;62;33;0
4545;28;80;0
4546;61;35;0
4547;48;74;0
4548;50;32;0
4549;58;73;0
4550;53;41;0
4551;65;18;0
4552;27;28;0
4553;50;64;0
4554;50;44;0
4555;41;109;0
4556;43;71;0
4557;55;79;0
4558;33;30;0
4559;44;82;0
4560;47;101;0
4561;43;13;0
4562;59;59;0
4563;65;64;0
4564;28;188;0
4565;58;28;0
4566;33;120;1
4567;24;131;0
4568;46;19;0
4569;26;44;0
4570;47;49;0
4571;32;99;0
4572;58;95;0
4573;32;81;0
4574;46;73;0
4575;35;193;0
4576;53;115;1
4577;55;41;0
4578;63;80;0
4579;45;90;0
4580;58;41;0
4581;50;102;0
4582;37;59;0
4583;25;69;0
4584;52;83;1
4585;26;49;0
4586;35;180;1
4587;58;61;0
4588;37;59;0
4589;35;85;0
4590;31;13;0
4591;58;151;1
4592;43;44;0
4593;43;53;0
4594;54;133;1
4595;53;31;0
4596;32;101;0
4597;37;61;0
4598;34;68;0
4599;51;21;0
4600;49;149;0
4601;54;75;0
4602;37;55;0
4603;57;81;0
4604;37;179;0
4605;32;81;1
4606;48;42;0
4607;44;199;0
4608;50;18;0
4609;44;28;0
4610;54;80;0
4611;37;79;0
4612;34;52;0
4613;32;18;0
4614;63;52;0
4615;56;15;0
4616;37;84;0
4617;66;114;0
4618;38;41;0
4619;35;29;0
4620;61;23;0
4621;52;84;0
4622;57;60;0
4623;47;13;0
4624;50;45;0
4625;36;83;0
4626;45;102;1
4627;58;58;0
4628;27;134;1
4629;27;130;1
4630;48;148;0
4631;46;92;0
4632;32;142;1
4633;54;62;0
4634;31;50;0
4635;42;29;0
4636;30;85;0
4637;41;78;0
4638;44;85;0
4639;37;89;0
4640;51;33;0
4641;30;42;0
4642;36;31;0
4643;65;143;1
4644;33;35;0
4645;58;22;0
4646;34;45;0
4647;38;119;0
4648;59;43;0
4649;37;75;0
4650;59;121;0
4651;47;63;0
4652;48;58;0
4653;38;184;1
4654;34;155;0
4655;44;69;0
4656;33;188;1
4657;47;38;0
4658;41;9;0
4659;36;69;0
4660;28;199;0
4661;59;38;0
4662;43;129;0
4663;56;59;0
4664;28;115;0
4665;62;83;0
4666;40;65;0
4667;34;72;0
4668;52;72;0
4669;40;63;0
4670;27;64;0
4671;52;194;0
4672;39;104;0
4673;52;180;0
4674;50;18;0
4675;40;93;0
4676;35;32;0
4677;39;68;0
4678;25;38;0
4679;33;115;0
4680;26;161;0
4681;46;154;0
4682;27;68;0
4683;55;44;0
4684;52;149;0
4685;59;103;0
4686;63;41;0
4687;61;113;0
4688;58;48;0
4689;29;69;0
4690;51;43;0
4691;59;19;0
4692;41;65;0
4693;59;32;0
4694;52;20;0
4695;39;25;0
4696;45;70;0
4697;59;70;0
4698;49;103;0
4699;48;162;1
4700;61;61;0
4701;31;170;0
4702;42;49;0
4703;35;108;1
4704;57;62;0
4705;54;102;0
4706;61;141;1
4707;60;8;0
4708;59;91;0
4709;62;10;0
4710;26;35;0
4711;41;71;0
4712;65;59;0
4713;25;14;0
4714;25;122;0
4715;27;81;0
4716;65;35;0
4717;60;83;0
4718;29;121;0
4719;32;35;0
4720;32;140;1
4721;41;88;0
4722;52;70;0
4723;40;63;0
4724;39;125;0
4725;34;21;0
4726;34;75;0
4727;34;38;0
4728;41;58;0
4729;59;31;0
4730;40;18;0
4731;52;29;0
4732;37;29;0
4733;39;69;0
4734;49;121;0
4735;63;64;0
4736;34;84;0
4737;51;65;0
4738;61;85;0
4739;56;44;0
4740;62;174;0
4741;56;178;0
4742;58;55;0
4743;58;25;0
4744;50;21;0
4745;44;72;0
4746;49;129;0
4747;31;18;0
4748;49;91;0
4749;43;38;0
4750;31;21;0
4751;66;38;0
4752;41;154;0
4753;39;178;0
4754;46;85;0
4755;57;93;0
4756;59;151;0
4757;30;78;0
4758;26;135;0
4759;46;40;0
4760;66;80;0
4761;50;18;0
4762;61;74;0
4763;37;94;0
4764;51;173;1
4765;56;88;0
4766;58;82;0
4767;41;54;0
4768;35;45;0
4769;38;39;0
4770;26;20;0
4771;35;93;0
4772;36;85;0
4773;26;95;0
4774;53;48;0
4775;56;22;0
4776;44;33;0
4777;47;40;0
4778;32;30;0
4779;52;22;0
4780;39;20;0
4781;47;49;0
4782;35;25;0
4783;26;150;0
4784;43;32;0
4785;52;9;0
4786;30;23;0
4787;36;18;0
4788;48;42;0
4789;36;39;0
4790;58;84;0
4791;35;101;1
4792;59;43;0
4793;36;28;0
4794;45;59;0
4795;56;29;0
4796;46;39;0
4797;26;42;0
4798;37;24;0
4799;44;62;0
4800;44;33;0
4801;33;73;0
4802;34;88;0
4803;35;58;0
4804;48;48;0
4805;58;40;0
4806;30;160;0
4807;62;39;0
4808;40;53;0
4809;42;32;0
4810;43;32;0
4811;58;11;0
4812;36;123;1
4813;29;184;1
4814;49;60;0
4815;60;41;0
4816;58;99;0
4817;50;83;0
4818;46;134;0
4819;45;85;0
4820;32;41;0
4821;42;44;0
4822;30;62;0
4823;60;149;0
4824;46;115;1
4825;32;25;0
4826;56;84;0
4827;56;81;0
4828;30;181;0
4829;52;62;0
4830;31;11;0
4831;37;60;0
4832;30;42;0
4833;29;83;0
4834;49;109;0
4835;49;70;0
4836;65;25;0
4837;54;72;0
4838;36;183;0
4839;56;44;0
4840;34;52;0
4841;33;18;0
4842;59;40;0
4843;49;174;1
4844;61;41;0
4845;31;81;0
4846;45;128;0
4847;35;135;1
4848;37;65;0
4849;58;145;0
4850;49;65;0
4851;63;119;0
4852;55;124;0
4853;38;33;0
4854;45;41;0
4855;44;105;0
4856;58;130;0
4857;56;80;0
4858;37;115;0
4859;50;62;0
4860;34;165;1
4861;51;34;0
4862;49;18;0
4863;33;44;0
4864;61;25;0
4865;41;52;0
4866;50;133;1
4867;41;71;0
4868;38;61;0
4869;51;62;0
4870;63;33;0
4871;55;28;0
4872;46;53;0
4873;27;69;0
4874;59;165;0
4875;26;75;0
4876;61;54;0
4877;44;142;1
4878;53;53;0
4879;34;41;0
4880;40;43;0
4881;56;79;0
4882;57;24;0
4883;43;73;0
4884;38;129;1
4885;60;50;0
4886;54;28;0
4887;51;64;0
4888;41;49;0
4889;25;121;0
4890;58;58;0
4891;61;51;0
4892;56;61;0
4893;43;35;0
4894;42;39;0
4895;48;74;0
4896;45;201;0
4897;40;81;0
4898;43;44;0
4899;52;19;0
4900;54;85;0
4901;26;74;0
4902;26;54;0
4903;33;58;0
4904;40;18;0
4905;64;88;0
4906;62;19;0
4907;54;49;0
4908;34;101;0
4909;40;138;0
4910;41;25;0
4911;48;120;0
4912;46;153;0
4913;51;28;0
4914;30;110;0
4915;65;94;0
4916;49;48;0
4917;29;123;0
4918;36;33;0
4919;50;42;0
4920;41;68;0
4921;42;28;0
4922;37;42;0
4923;31;28;0
4924;40;73;0
4925;36;89;0
4926;64;82;0
4927;37;83;0
4928;43;121;1
4929;57;28;0
4930;62;39;0
4931;63;110;0
4932;57;55;0
4933;59;111;0
4934;47;94;0
4935;26;85;0
4936;59;81;0
4937;45;94;0
4938;33;162;0
4939;61;80;0
4940;54;70;0
4941;46;19;0
4942;28;112;1
4943;52;109;0
4944;26;12;0
4945;49;33;0
4946;42;49;0
4947;51;42;0
4948;39;41;0
4949;44;43;0
4950;29;64;0
4951;47;19;0
4952;53;65;0
4953;29;53;0
4954;47;32;0
4955;45;22;0
4956;63;39;0
4957;39;59;0
4958;29;50;0
4959;50;19;0
4960;51;55;0
4961;58;81;0
4962;39;108;0
4963;46;122;1
4964;32;98;0
4965;53;110;0
4966;29;33;0
4967;41;34;0
4968;41;69;0
4969;58;41;0
4970;45;60;0
4971;37;95;0
4972;58;73;0
4973;58;41;0
4974;31;68;0
4975;59;64;0
4976;38;29;0
4977;29;31;0
4978;40;54;0
4979;57;63;0
4980;50;92;0
4981;29;135;1
4982;34;195;0
4983;36;45;0
4984;51;72;0
4985;27;98;0
4986;48;30;0
4987;32;78;0
4988;48;43;0
4989;34;85;0
4990;24;38;0
4991;55;58;0
4992;51;92;0
4993;30;13;0
4994;45;218;0
4995;64;75;0
4996;29;40;0
4997;30;15;0
4998;63;24;0
4999;65;49;0
5000;28;83;0
